"Ukraine says Russia is sending Ukrainians in the besieged city thousands of miles away to Primorsky Krai, in Russia's far east","<div class=""feedflare"">
<a href=""http://rss.cnn.com/~ff/rss/cnn_topstories?a=Q3UP3eslml8:LEUnOvAGVoQ:yIl2AUoC8zA""><img border=""0"" src=""http://feeds.feedburner.com/~ff/rss/cnn_topstories?d=yIl2AUoC8zA"" /></a> <a href=""http://rss.cnn.com/~ff/rss/cnn_topstories?a=Q3UP3eslml8:LEUnOvAGVoQ:7Q72WNTAKBA""><img border=""0"" src=""http://feeds.feedburner.com/~ff/rss/cnn_topstories?d=7Q72WNTAKBA"" /></a> <a href=""http://rss.cnn.com/~ff/rss/cnn_topstories?a=Q3UP3eslml8:LEUnOvAGVoQ:V_sGLiPBpWU""><img border=""0"" src=""http://feeds.feedburner.com/~ff/rss/cnn_topstories?i=Q3UP3eslml8:LEUnOvAGVoQ:V_sGLiPBpWU"" /></a> <a href=""http://rss.cnn.com/~ff/rss/cnn_topstories?a=Q3UP3eslml8:LEUnOvAGVoQ:qj6IDK7rITs""><img border=""0"" src=""http://feeds.feedburner.com/~ff/rss/cnn_topstories?d=qj6IDK7rITs"" /></a> <a href=""http://rss.cnn.com/~ff/rss/cnn_topstories?a=Q3UP3eslml8:LEUnOvAGVoQ:gIN9vFwOqvQ""><img border=""0"" src=""http://feeds.feedburner.com/~ff/rss/cnn_topstories?i=Q3UP3eslml8:LEUnOvAGVoQ:gIN9vFwOqvQ"" /></a>
</div>",https://www.cnn.com/europe/live-news/russia-ukraine-war-news-04-24-22/index.html
Ukrainian intelligence: Russia plans to conscript Ukrainian civilians from occupied regions,"<div class=""feedflare"">
<a href=""http://rss.cnn.com/~ff/rss/cnn_topstories?a=xjVKw-70H_Q:tDYdYnggtf0:yIl2AUoC8zA""><img border=""0"" src=""http://feeds.feedburner.com/~ff/rss/cnn_topstories?d=yIl2AUoC8zA"" /></a> <a href=""http://rss.cnn.com/~ff/rss/cnn_topstories?a=xjVKw-70H_Q:tDYdYnggtf0:7Q72WNTAKBA""><img border=""0"" src=""http://feeds.feedburner.com/~ff/rss/cnn_topstories?d=7Q72WNTAKBA"" /></a> <a href=""http://rss.cnn.com/~ff/rss/cnn_topstories?a=xjVKw-70H_Q:tDYdYnggtf0:V_sGLiPBpWU""><img border=""0"" src=""http://feeds.feedburner.com/~ff/rss/cnn_topstories?i=xjVKw-70H_Q:tDYdYnggtf0:V_sGLiPBpWU"" /></a> <a href=""http://rss.cnn.com/~ff/rss/cnn_topstories?a=xjVKw-70H_Q:tDYdYnggtf0:qj6IDK7rITs""><img border=""0"" src=""http://feeds.feedburner.com/~ff/rss/cnn_topstories?d=qj6IDK7rITs"" /></a> <a href=""http://rss.cnn.com/~ff/rss/cnn_topstories?a=xjVKw-70H_Q:tDYdYnggtf0:gIN9vFwOqvQ""><img border=""0"" src=""http://feeds.feedburner.com/~ff/rss/cnn_topstories?i=xjVKw-70H_Q:tDYdYnggtf0:gIN9vFwOqvQ"" /></a>
</div>",https://www.cnn.com/europe/live-news/russia-ukraine-war-news-04-24-22/h_325cde89b50d3505d2ff1c62f6763662
Zelensky: I'm not afraid to meet with Putin,"In a press conference held in a Kyiv subway, Ukrainian President Volodymyr Zelensky says he is willing to meet with Russian President Vladimir Putin to bring an end to the war.<div class=""feedflare"">
<a href=""http://rss.cnn.com/~ff/rss/cnn_topstories?a=Wfk-uRdwizA:vyCQGOKHNyg:yIl2AUoC8zA""><img border=""0"" src=""http://feeds.feedburner.com/~ff/rss/cnn_topstories?d=yIl2AUoC8zA"" /></a> <a href=""http://rss.cnn.com/~ff/rss/cnn_topstories?a=Wfk-uRdwizA:vyCQGOKHNyg:7Q72WNTAKBA""><img border=""0"" src=""http://feeds.feedburner.com/~ff/rss/cnn_topstories?d=7Q72WNTAKBA"" /></a> <a href=""http://rss.cnn.com/~ff/rss/cnn_topstories?a=Wfk-uRdwizA:vyCQGOKHNyg:V_sGLiPBpWU""><img border=""0"" src=""http://feeds.feedburner.com/~ff/rss/cnn_topstories?i=Wfk-uRdwizA:vyCQGOKHNyg:V_sGLiPBpWU"" /></a> <a href=""http://rss.cnn.com/~ff/rss/cnn_topstories?a=Wfk-uRdwizA:vyCQGOKHNyg:qj6IDK7rITs""><img border=""0"" src=""http://feeds.feedburner.com/~ff/rss/cnn_topstories?d=qj6IDK7rITs"" /></a> <a href=""http://rss.cnn.com/~ff/rss/cnn_topstories?a=Wfk-uRdwizA:vyCQGOKHNyg:gIN9vFwOqvQ""><img border=""0"" src=""http://feeds.feedburner.com/~ff/rss/cnn_topstories?i=Wfk-uRdwizA:vyCQGOKHNyg:gIN9vFwOqvQ"" /></a>
</div>",https://www.cnn.com/videos/world/2022/04/23/volodymyr-zelensky-diplomacy-putin-russia-nr-vpx.cnn
"US: What a former NFL player, a biochemist and a stay-at-home mom learned when they opened their homes to Ukrainians","Phil Metzger flew home to California from Ukraine soon after the war broke out, devastated by what he saw.<div class=""feedflare"">
<a href=""http://rss.cnn.com/~ff/rss/cnn_topstories?a=lIRKqYJqmAQ:LpEB0srlaIQ:yIl2AUoC8zA""><img border=""0"" src=""http://feeds.feedburner.com/~ff/rss/cnn_topstories?d=yIl2AUoC8zA"" /></a> <a href=""http://rss.cnn.com/~ff/rss/cnn_topstories?a=lIRKqYJqmAQ:LpEB0srlaIQ:7Q72WNTAKBA""><img border=""0"" src=""http://feeds.feedburner.com/~ff/rss/cnn_topstories?d=7Q72WNTAKBA"" /></a> <a href=""http://rss.cnn.com/~ff/rss/cnn_topstories?a=lIRKqYJqmAQ:LpEB0srlaIQ:V_sGLiPBpWU""><img border=""0"" src=""http://feeds.feedburner.com/~ff/rss/cnn_topstories?i=lIRKqYJqmAQ:LpEB0srlaIQ:V_sGLiPBpWU"" /></a> <a href=""http://rss.cnn.com/~ff/rss/cnn_topstories?a=lIRKqYJqmAQ:LpEB0srlaIQ:qj6IDK7rITs""><img border=""0"" src=""http://feeds.feedburner.com/~ff/rss/cnn_topstories?d=qj6IDK7rITs"" /></a> <a href=""http://rss.cnn.com/~ff/rss/cnn_topstories?a=lIRKqYJqmAQ:LpEB0srlaIQ:gIN9vFwOqvQ""><img border=""0"" src=""http://feeds.feedburner.com/~ff/rss/cnn_topstories?i=lIRKqYJqmAQ:LpEB0srlaIQ:gIN9vFwOqvQ"" /></a>
</div>",https://www.cnn.com/2022/04/23/us/california-church-hosting-ukrainian-families-cec/index.html
Russian oligarchs: Two gas executives and their families found dead within 24 hours,"Investigators say it's unclear whether two Russian gas executives were in contact before they, along with their families, were found dead within 24 hours. CNN's Brian Todd reports.<div class=""feedflare"">
<a href=""http://rss.cnn.com/~ff/rss/cnn_topstories?a=zaLVNwHw68M:rguwsPla5Iw:yIl2AUoC8zA""><img border=""0"" src=""http://feeds.feedburner.com/~ff/rss/cnn_topstories?d=yIl2AUoC8zA"" /></a> <a href=""http://rss.cnn.com/~ff/rss/cnn_topstories?a=zaLVNwHw68M:rguwsPla5Iw:7Q72WNTAKBA""><img border=""0"" src=""http://feeds.feedburner.com/~ff/rss/cnn_topstories?d=7Q72WNTAKBA"" /></a> <a href=""http://rss.cnn.com/~ff/rss/cnn_topstories?a=zaLVNwHw68M:rguwsPla5Iw:V_sGLiPBpWU""><img border=""0"" src=""http://feeds.feedburner.com/~ff/rss/cnn_topstories?i=zaLVNwHw68M:rguwsPla5Iw:V_sGLiPBpWU"" /></a> <a href=""http://rss.cnn.com/~ff/rss/cnn_topstories?a=zaLVNwHw68M:rguwsPla5Iw:qj6IDK7rITs""><img border=""0"" src=""http://feeds.feedburner.com/~ff/rss/cnn_topstories?d=qj6IDK7rITs"" /></a> <a href=""http://rss.cnn.com/~ff/rss/cnn_topstories?a=zaLVNwHw68M:rguwsPla5Iw:gIN9vFwOqvQ""><img border=""0"" src=""http://feeds.feedburner.com/~ff/rss/cnn_topstories?i=zaLVNwHw68M:rguwsPla5Iw:gIN9vFwOqvQ"" /></a>
</div>",https://www.cnn.com/videos/world/2022/04/22/russian-oligarchs-found-dead-within-days-todd-dnt-tsr-vpx.cnn
Orthodox Easter: Ukrainians celebrate in the shadow of war,"They've endured intense battles, brutal airstrikes and unimaginable loss, but this weekend many Ukrainians will attempt to celebrate one of their most important holidays of the year: Orthodox Easter.<div class=""feedflare"">
<a href=""http://rss.cnn.com/~ff/rss/cnn_topstories?a=EG_SOBW3i4s:4KX5WVQmOCg:yIl2AUoC8zA""><img border=""0"" src=""http://feeds.feedburner.com/~ff/rss/cnn_topstories?d=yIl2AUoC8zA"" /></a> <a href=""http://rss.cnn.com/~ff/rss/cnn_topstories?a=EG_SOBW3i4s:4KX5WVQmOCg:7Q72WNTAKBA""><img border=""0"" src=""http://feeds.feedburner.com/~ff/rss/cnn_topstories?d=7Q72WNTAKBA"" /></a> <a href=""http://rss.cnn.com/~ff/rss/cnn_topstories?a=EG_SOBW3i4s:4KX5WVQmOCg:V_sGLiPBpWU""><img border=""0"" src=""http://feeds.feedburner.com/~ff/rss/cnn_topstories?i=EG_SOBW3i4s:4KX5WVQmOCg:V_sGLiPBpWU"" /></a> <a href=""http://rss.cnn.com/~ff/rss/cnn_topstories?a=EG_SOBW3i4s:4KX5WVQmOCg:qj6IDK7rITs""><img border=""0"" src=""http://feeds.feedburner.com/~ff/rss/cnn_topstories?d=qj6IDK7rITs"" /></a> <a href=""http://rss.cnn.com/~ff/rss/cnn_topstories?a=EG_SOBW3i4s:4KX5WVQmOCg:gIN9vFwOqvQ""><img border=""0"" src=""http://feeds.feedburner.com/~ff/rss/cnn_topstories?i=EG_SOBW3i4s:4KX5WVQmOCg:gIN9vFwOqvQ"" /></a>
</div>",https://www.cnn.com/2022/04/24/europe/ukraine-orthodox-easter-celebrations-intl-cmd/index.html
Former Sen. Orrin Hatch has died at 88,"• KFILE: Marjorie Taylor Greene confronted over old social media posts advocating violence in court testimony
• McCarthy to lead GOP lawmakers, including Greene, to southern border<div class=""feedflare"">
<a href=""http://rss.cnn.com/~ff/rss/cnn_topstories?a=1MIBtRz1ePA:pTsYxWU8kuE:yIl2AUoC8zA""><img border=""0"" src=""http://feeds.feedburner.com/~ff/rss/cnn_topstories?d=yIl2AUoC8zA"" /></a> <a href=""http://rss.cnn.com/~ff/rss/cnn_topstories?a=1MIBtRz1ePA:pTsYxWU8kuE:7Q72WNTAKBA""><img border=""0"" src=""http://feeds.feedburner.com/~ff/rss/cnn_topstories?d=7Q72WNTAKBA"" /></a> <a href=""http://rss.cnn.com/~ff/rss/cnn_topstories?a=1MIBtRz1ePA:pTsYxWU8kuE:V_sGLiPBpWU""><img border=""0"" src=""http://feeds.feedburner.com/~ff/rss/cnn_topstories?i=1MIBtRz1ePA:pTsYxWU8kuE:V_sGLiPBpWU"" /></a> <a href=""http://rss.cnn.com/~ff/rss/cnn_topstories?a=1MIBtRz1ePA:pTsYxWU8kuE:qj6IDK7rITs""><img border=""0"" src=""http://feeds.feedburner.com/~ff/rss/cnn_topstories?d=qj6IDK7rITs"" /></a> <a href=""http://rss.cnn.com/~ff/rss/cnn_topstories?a=1MIBtRz1ePA:pTsYxWU8kuE:gIN9vFwOqvQ""><img border=""0"" src=""http://feeds.feedburner.com/~ff/rss/cnn_topstories?i=1MIBtRz1ePA:pTsYxWU8kuE:gIN9vFwOqvQ"" /></a>
</div>",https://www.cnn.com/2022/04/23/politics/former-senator-orrin-hatch-dies/index.html
"How protection is holding up in real life against Covid-19, depending on your vaccine","• When kids under 5 might get a Covid vaccine
• Opinion: Air passengers, keep your masks on
• Covid-19 was third leading cause of death in the United States in 2021, CDC reports<div class=""feedflare"">
<a href=""http://rss.cnn.com/~ff/rss/cnn_topstories?a=QuS6SIFYfy4:2l8g9VyRRmE:yIl2AUoC8zA""><img border=""0"" src=""http://feeds.feedburner.com/~ff/rss/cnn_topstories?d=yIl2AUoC8zA"" /></a> <a href=""http://rss.cnn.com/~ff/rss/cnn_topstories?a=QuS6SIFYfy4:2l8g9VyRRmE:7Q72WNTAKBA""><img border=""0"" src=""http://feeds.feedburner.com/~ff/rss/cnn_topstories?d=7Q72WNTAKBA"" /></a> <a href=""http://rss.cnn.com/~ff/rss/cnn_topstories?a=QuS6SIFYfy4:2l8g9VyRRmE:V_sGLiPBpWU""><img border=""0"" src=""http://feeds.feedburner.com/~ff/rss/cnn_topstories?i=QuS6SIFYfy4:2l8g9VyRRmE:V_sGLiPBpWU"" /></a> <a href=""http://rss.cnn.com/~ff/rss/cnn_topstories?a=QuS6SIFYfy4:2l8g9VyRRmE:qj6IDK7rITs""><img border=""0"" src=""http://feeds.feedburner.com/~ff/rss/cnn_topstories?d=qj6IDK7rITs"" /></a> <a href=""http://rss.cnn.com/~ff/rss/cnn_topstories?a=QuS6SIFYfy4:2l8g9VyRRmE:gIN9vFwOqvQ""><img border=""0"" src=""http://feeds.feedburner.com/~ff/rss/cnn_topstories?i=QuS6SIFYfy4:2l8g9VyRRmE:gIN9vFwOqvQ"" /></a>
</div>",https://www.cnn.com/2022/04/22/health/immunity-against-covid-19/index.html
Court-martial results in first conviction of general officer in Air Force history,"A US Air Force general officer was found guilty of abusive sexual contact in military court in Ohio on Saturday, marking the first-ever court-martial trial and conviction of a general officer in the history of the military branch, the Air Force said in a statement.<div class=""feedflare"">
<a href=""http://rss.cnn.com/~ff/rss/cnn_topstories?a=Of3eEzx9euA:tuISA-D9VFU:yIl2AUoC8zA""><img border=""0"" src=""http://feeds.feedburner.com/~ff/rss/cnn_topstories?d=yIl2AUoC8zA"" /></a> <a href=""http://rss.cnn.com/~ff/rss/cnn_topstories?a=Of3eEzx9euA:tuISA-D9VFU:7Q72WNTAKBA""><img border=""0"" src=""http://feeds.feedburner.com/~ff/rss/cnn_topstories?d=7Q72WNTAKBA"" /></a> <a href=""http://rss.cnn.com/~ff/rss/cnn_topstories?a=Of3eEzx9euA:tuISA-D9VFU:V_sGLiPBpWU""><img border=""0"" src=""http://feeds.feedburner.com/~ff/rss/cnn_topstories?i=Of3eEzx9euA:tuISA-D9VFU:V_sGLiPBpWU"" /></a> <a href=""http://rss.cnn.com/~ff/rss/cnn_topstories?a=Of3eEzx9euA:tuISA-D9VFU:qj6IDK7rITs""><img border=""0"" src=""http://feeds.feedburner.com/~ff/rss/cnn_topstories?d=qj6IDK7rITs"" /></a> <a href=""http://rss.cnn.com/~ff/rss/cnn_topstories?a=Of3eEzx9euA:tuISA-D9VFU:gIN9vFwOqvQ""><img border=""0"" src=""http://feeds.feedburner.com/~ff/rss/cnn_topstories?i=Of3eEzx9euA:tuISA-D9VFU:gIN9vFwOqvQ"" /></a>
</div>",https://www.cnn.com/2022/04/23/politics/air-force-general-officer-conviction/index.html
Man dies after setting himself on fire at Supreme Court plaza,"A man who set himself on fire Friday on the plaza in front of the US Supreme Court in Washington, DC, has died, according to the Metropolitan Police Department.<div class=""feedflare"">
<a href=""http://rss.cnn.com/~ff/rss/cnn_topstories?a=Zd4aIGf5DpA:hstfDwUHaTQ:yIl2AUoC8zA""><img border=""0"" src=""http://feeds.feedburner.com/~ff/rss/cnn_topstories?d=yIl2AUoC8zA"" /></a> <a href=""http://rss.cnn.com/~ff/rss/cnn_topstories?a=Zd4aIGf5DpA:hstfDwUHaTQ:7Q72WNTAKBA""><img border=""0"" src=""http://feeds.feedburner.com/~ff/rss/cnn_topstories?d=7Q72WNTAKBA"" /></a> <a href=""http://rss.cnn.com/~ff/rss/cnn_topstories?a=Zd4aIGf5DpA:hstfDwUHaTQ:V_sGLiPBpWU""><img border=""0"" src=""http://feeds.feedburner.com/~ff/rss/cnn_topstories?i=Zd4aIGf5DpA:hstfDwUHaTQ:V_sGLiPBpWU"" /></a> <a href=""http://rss.cnn.com/~ff/rss/cnn_topstories?a=Zd4aIGf5DpA:hstfDwUHaTQ:qj6IDK7rITs""><img border=""0"" src=""http://feeds.feedburner.com/~ff/rss/cnn_topstories?d=qj6IDK7rITs"" /></a> <a href=""http://rss.cnn.com/~ff/rss/cnn_topstories?a=Zd4aIGf5DpA:hstfDwUHaTQ:gIN9vFwOqvQ""><img border=""0"" src=""http://feeds.feedburner.com/~ff/rss/cnn_topstories?i=Zd4aIGf5DpA:hstfDwUHaTQ:gIN9vFwOqvQ"" /></a>
</div>",https://www.cnn.com/2022/04/23/politics/supreme-court-man-dies-fire/index.html
"Tyson Fury retains WBC heavyweight title with boxing masterclass in front of 94,000","Tyson Fury retained his WBC heavyweight title after beating Dillian Whyte by technical knockout in the sixth round in front of a raucous 94,000 fans at Wembley Stadium.<div class=""feedflare"">
<a href=""http://rss.cnn.com/~ff/rss/cnn_topstories?a=a--BN9AZSwM:k3V9zOdKFtg:yIl2AUoC8zA""><img border=""0"" src=""http://feeds.feedburner.com/~ff/rss/cnn_topstories?d=yIl2AUoC8zA"" /></a> <a href=""http://rss.cnn.com/~ff/rss/cnn_topstories?a=a--BN9AZSwM:k3V9zOdKFtg:7Q72WNTAKBA""><img border=""0"" src=""http://feeds.feedburner.com/~ff/rss/cnn_topstories?d=7Q72WNTAKBA"" /></a> <a href=""http://rss.cnn.com/~ff/rss/cnn_topstories?a=a--BN9AZSwM:k3V9zOdKFtg:V_sGLiPBpWU""><img border=""0"" src=""http://feeds.feedburner.com/~ff/rss/cnn_topstories?i=a--BN9AZSwM:k3V9zOdKFtg:V_sGLiPBpWU"" /></a> <a href=""http://rss.cnn.com/~ff/rss/cnn_topstories?a=a--BN9AZSwM:k3V9zOdKFtg:qj6IDK7rITs""><img border=""0"" src=""http://feeds.feedburner.com/~ff/rss/cnn_topstories?d=qj6IDK7rITs"" /></a> <a href=""http://rss.cnn.com/~ff/rss/cnn_topstories?a=a--BN9AZSwM:k3V9zOdKFtg:gIN9vFwOqvQ""><img border=""0"" src=""http://feeds.feedburner.com/~ff/rss/cnn_topstories?i=a--BN9AZSwM:k3V9zOdKFtg:gIN9vFwOqvQ"" /></a>
</div>",https://www.cnn.com/2022/04/23/sport/tyson-fury-dillian-whyte-wbc-heavyweight-championship-spt-intl/index.html
Acosta reacts to Greene testimony: 'Not a great time for pinnochios',"CNN's Jim Acosta reacts to a busy week of headlines involving prominent members of the Republican party.<div class=""feedflare"">
<a href=""http://rss.cnn.com/~ff/rss/cnn_topstories?a=ud8JWivc6w0:hJ97j1Pyl5k:yIl2AUoC8zA""><img border=""0"" src=""http://feeds.feedburner.com/~ff/rss/cnn_topstories?d=yIl2AUoC8zA"" /></a> <a href=""http://rss.cnn.com/~ff/rss/cnn_topstories?a=ud8JWivc6w0:hJ97j1Pyl5k:7Q72WNTAKBA""><img border=""0"" src=""http://feeds.feedburner.com/~ff/rss/cnn_topstories?d=7Q72WNTAKBA"" /></a> <a href=""http://rss.cnn.com/~ff/rss/cnn_topstories?a=ud8JWivc6w0:hJ97j1Pyl5k:V_sGLiPBpWU""><img border=""0"" src=""http://feeds.feedburner.com/~ff/rss/cnn_topstories?i=ud8JWivc6w0:hJ97j1Pyl5k:V_sGLiPBpWU"" /></a> <a href=""http://rss.cnn.com/~ff/rss/cnn_topstories?a=ud8JWivc6w0:hJ97j1Pyl5k:qj6IDK7rITs""><img border=""0"" src=""http://feeds.feedburner.com/~ff/rss/cnn_topstories?d=qj6IDK7rITs"" /></a> <a href=""http://rss.cnn.com/~ff/rss/cnn_topstories?a=ud8JWivc6w0:hJ97j1Pyl5k:gIN9vFwOqvQ""><img border=""0"" src=""http://feeds.feedburner.com/~ff/rss/cnn_topstories?i=ud8JWivc6w0:hJ97j1Pyl5k:gIN9vFwOqvQ"" /></a>
</div>",https://www.cnn.com/videos/politics/2022/04/23/marjorie-taylor-greene-testimony-holdon-acostanr-vpx.cnn
"1 death, 17 liver transplants in multi-country outbreak of hepatitis in children, WHO says","At least 169 cases of acute hepatitis in children aged one month to 16 years old have been identified in an outbreak that now involves 11 countries, the World Health Organization (WHO) said on Saturday.<div class=""feedflare"">
<a href=""http://rss.cnn.com/~ff/rss/cnn_topstories?a=6i4MRl_LX3g:DGv8rxV5jCA:yIl2AUoC8zA""><img border=""0"" src=""http://feeds.feedburner.com/~ff/rss/cnn_topstories?d=yIl2AUoC8zA"" /></a> <a href=""http://rss.cnn.com/~ff/rss/cnn_topstories?a=6i4MRl_LX3g:DGv8rxV5jCA:7Q72WNTAKBA""><img border=""0"" src=""http://feeds.feedburner.com/~ff/rss/cnn_topstories?d=7Q72WNTAKBA"" /></a> <a href=""http://rss.cnn.com/~ff/rss/cnn_topstories?a=6i4MRl_LX3g:DGv8rxV5jCA:V_sGLiPBpWU""><img border=""0"" src=""http://feeds.feedburner.com/~ff/rss/cnn_topstories?i=6i4MRl_LX3g:DGv8rxV5jCA:V_sGLiPBpWU"" /></a> <a href=""http://rss.cnn.com/~ff/rss/cnn_topstories?a=6i4MRl_LX3g:DGv8rxV5jCA:qj6IDK7rITs""><img border=""0"" src=""http://feeds.feedburner.com/~ff/rss/cnn_topstories?d=qj6IDK7rITs"" /></a> <a href=""http://rss.cnn.com/~ff/rss/cnn_topstories?a=6i4MRl_LX3g:DGv8rxV5jCA:gIN9vFwOqvQ""><img border=""0"" src=""http://feeds.feedburner.com/~ff/rss/cnn_topstories?i=6i4MRl_LX3g:DGv8rxV5jCA:gIN9vFwOqvQ"" /></a>
</div>",https://www.cnn.com/2022/04/23/health/multi-country-outbreak-of-hepatitis-in-children/index.html
Over 100 brain tumors spark investigation at New Jersey high school,"A cluster of over 100 rare brain tumors in the past 30 years sparks a health inspection at Colonia High School in New Jersey. CNN's Ana Cabrera speaks to Al Lupiano, a former student who is now investigating the school.<div class=""feedflare"">
<a href=""http://rss.cnn.com/~ff/rss/cnn_topstories?a=fbFu6d9i-LU:wXjWctKKkl0:yIl2AUoC8zA""><img border=""0"" src=""http://feeds.feedburner.com/~ff/rss/cnn_topstories?d=yIl2AUoC8zA"" /></a> <a href=""http://rss.cnn.com/~ff/rss/cnn_topstories?a=fbFu6d9i-LU:wXjWctKKkl0:7Q72WNTAKBA""><img border=""0"" src=""http://feeds.feedburner.com/~ff/rss/cnn_topstories?d=7Q72WNTAKBA"" /></a> <a href=""http://rss.cnn.com/~ff/rss/cnn_topstories?a=fbFu6d9i-LU:wXjWctKKkl0:V_sGLiPBpWU""><img border=""0"" src=""http://feeds.feedburner.com/~ff/rss/cnn_topstories?i=fbFu6d9i-LU:wXjWctKKkl0:V_sGLiPBpWU"" /></a> <a href=""http://rss.cnn.com/~ff/rss/cnn_topstories?a=fbFu6d9i-LU:wXjWctKKkl0:qj6IDK7rITs""><img border=""0"" src=""http://feeds.feedburner.com/~ff/rss/cnn_topstories?d=qj6IDK7rITs"" /></a> <a href=""http://rss.cnn.com/~ff/rss/cnn_topstories?a=fbFu6d9i-LU:wXjWctKKkl0:gIN9vFwOqvQ""><img border=""0"" src=""http://feeds.feedburner.com/~ff/rss/cnn_topstories?i=fbFu6d9i-LU:wXjWctKKkl0:gIN9vFwOqvQ"" /></a>
</div>",https://www.cnn.com/videos/us/2022/04/23/brain-tumor-cluster-investigation-new-jersey-school-vpx.cnn
"5 teenagers shot near Atlanta's Centennial Olympic Park, police say","Several teenagers were shot Saturday night near Atlanta's Centennial Olympic Park, police said.<div class=""feedflare"">
<a href=""http://rss.cnn.com/~ff/rss/cnn_topstories?a=ng-DdPVfjXM:XPTIe8GiqWk:yIl2AUoC8zA""><img border=""0"" src=""http://feeds.feedburner.com/~ff/rss/cnn_topstories?d=yIl2AUoC8zA"" /></a> <a href=""http://rss.cnn.com/~ff/rss/cnn_topstories?a=ng-DdPVfjXM:XPTIe8GiqWk:7Q72WNTAKBA""><img border=""0"" src=""http://feeds.feedburner.com/~ff/rss/cnn_topstories?d=7Q72WNTAKBA"" /></a> <a href=""http://rss.cnn.com/~ff/rss/cnn_topstories?a=ng-DdPVfjXM:XPTIe8GiqWk:V_sGLiPBpWU""><img border=""0"" src=""http://feeds.feedburner.com/~ff/rss/cnn_topstories?i=ng-DdPVfjXM:XPTIe8GiqWk:V_sGLiPBpWU"" /></a> <a href=""http://rss.cnn.com/~ff/rss/cnn_topstories?a=ng-DdPVfjXM:XPTIe8GiqWk:qj6IDK7rITs""><img border=""0"" src=""http://feeds.feedburner.com/~ff/rss/cnn_topstories?d=qj6IDK7rITs"" /></a> <a href=""http://rss.cnn.com/~ff/rss/cnn_topstories?a=ng-DdPVfjXM:XPTIe8GiqWk:gIN9vFwOqvQ""><img border=""0"" src=""http://feeds.feedburner.com/~ff/rss/cnn_topstories?i=ng-DdPVfjXM:XPTIe8GiqWk:gIN9vFwOqvQ"" /></a>
</div>",https://www.cnn.com/2022/04/24/us/atlanta-teens-shot-centennial-olympic-park/index.html
Man charged after allegedly threatening Merriam-Webster over gender definitions,"A California man was arrested this week after he allegedly sent threatening online messages to the Merriam-Webster company over dictionary definitions containing references to gender identity, according to court documents.<div class=""feedflare"">
<a href=""http://rss.cnn.com/~ff/rss/cnn_topstories?a=AjdRlBnl5GI:WVgnBn0_LYw:yIl2AUoC8zA""><img border=""0"" src=""http://feeds.feedburner.com/~ff/rss/cnn_topstories?d=yIl2AUoC8zA"" /></a> <a href=""http://rss.cnn.com/~ff/rss/cnn_topstories?a=AjdRlBnl5GI:WVgnBn0_LYw:7Q72WNTAKBA""><img border=""0"" src=""http://feeds.feedburner.com/~ff/rss/cnn_topstories?d=7Q72WNTAKBA"" /></a> <a href=""http://rss.cnn.com/~ff/rss/cnn_topstories?a=AjdRlBnl5GI:WVgnBn0_LYw:V_sGLiPBpWU""><img border=""0"" src=""http://feeds.feedburner.com/~ff/rss/cnn_topstories?i=AjdRlBnl5GI:WVgnBn0_LYw:V_sGLiPBpWU"" /></a> <a href=""http://rss.cnn.com/~ff/rss/cnn_topstories?a=AjdRlBnl5GI:WVgnBn0_LYw:qj6IDK7rITs""><img border=""0"" src=""http://feeds.feedburner.com/~ff/rss/cnn_topstories?d=qj6IDK7rITs"" /></a> <a href=""http://rss.cnn.com/~ff/rss/cnn_topstories?a=AjdRlBnl5GI:WVgnBn0_LYw:gIN9vFwOqvQ""><img border=""0"" src=""http://feeds.feedburner.com/~ff/rss/cnn_topstories?i=AjdRlBnl5GI:WVgnBn0_LYw:gIN9vFwOqvQ"" /></a>
</div>",https://www.cnn.com/2022/04/23/us/jeremy-david-hanson-charged-merriam-webster-threats/index.html
"Hitmen killed an FSU law professor nearly 8 years ago. Now, his former brother-in-law has been arrested","A Fort Lauderdale dentist has been charged in connection with the 2014 death of his former brother-in-law, a renowned Florida State University Law School professor.<div class=""feedflare"">
<a href=""http://rss.cnn.com/~ff/rss/cnn_topstories?a=6gzWYAf5Bnc:mjXQkwcZBP0:yIl2AUoC8zA""><img border=""0"" src=""http://feeds.feedburner.com/~ff/rss/cnn_topstories?d=yIl2AUoC8zA"" /></a> <a href=""http://rss.cnn.com/~ff/rss/cnn_topstories?a=6gzWYAf5Bnc:mjXQkwcZBP0:7Q72WNTAKBA""><img border=""0"" src=""http://feeds.feedburner.com/~ff/rss/cnn_topstories?d=7Q72WNTAKBA"" /></a> <a href=""http://rss.cnn.com/~ff/rss/cnn_topstories?a=6gzWYAf5Bnc:mjXQkwcZBP0:V_sGLiPBpWU""><img border=""0"" src=""http://feeds.feedburner.com/~ff/rss/cnn_topstories?i=6gzWYAf5Bnc:mjXQkwcZBP0:V_sGLiPBpWU"" /></a> <a href=""http://rss.cnn.com/~ff/rss/cnn_topstories?a=6gzWYAf5Bnc:mjXQkwcZBP0:qj6IDK7rITs""><img border=""0"" src=""http://feeds.feedburner.com/~ff/rss/cnn_topstories?d=qj6IDK7rITs"" /></a> <a href=""http://rss.cnn.com/~ff/rss/cnn_topstories?a=6gzWYAf5Bnc:mjXQkwcZBP0:gIN9vFwOqvQ""><img border=""0"" src=""http://feeds.feedburner.com/~ff/rss/cnn_topstories?i=6gzWYAf5Bnc:mjXQkwcZBP0:gIN9vFwOqvQ"" /></a>
</div>",https://www.cnn.com/2022/04/22/us/fsu-professor-brother-in-law-hitmen/index.html
Five black bears were hibernating under a home for months. The home's occupant had no idea,"One South Lake Tahoe,California, renter had some unknown house guests living underneath their house.<div class=""feedflare"">
<a href=""http://rss.cnn.com/~ff/rss/cnn_topstories?a=KO6UyPK79iU:pb8CLmOsHNY:yIl2AUoC8zA""><img border=""0"" src=""http://feeds.feedburner.com/~ff/rss/cnn_topstories?d=yIl2AUoC8zA"" /></a> <a href=""http://rss.cnn.com/~ff/rss/cnn_topstories?a=KO6UyPK79iU:pb8CLmOsHNY:7Q72WNTAKBA""><img border=""0"" src=""http://feeds.feedburner.com/~ff/rss/cnn_topstories?d=7Q72WNTAKBA"" /></a> <a href=""http://rss.cnn.com/~ff/rss/cnn_topstories?a=KO6UyPK79iU:pb8CLmOsHNY:V_sGLiPBpWU""><img border=""0"" src=""http://feeds.feedburner.com/~ff/rss/cnn_topstories?i=KO6UyPK79iU:pb8CLmOsHNY:V_sGLiPBpWU"" /></a> <a href=""http://rss.cnn.com/~ff/rss/cnn_topstories?a=KO6UyPK79iU:pb8CLmOsHNY:qj6IDK7rITs""><img border=""0"" src=""http://feeds.feedburner.com/~ff/rss/cnn_topstories?d=qj6IDK7rITs"" /></a> <a href=""http://rss.cnn.com/~ff/rss/cnn_topstories?a=KO6UyPK79iU:pb8CLmOsHNY:gIN9vFwOqvQ""><img border=""0"" src=""http://feeds.feedburner.com/~ff/rss/cnn_topstories?i=KO6UyPK79iU:pb8CLmOsHNY:gIN9vFwOqvQ"" /></a>
</div>",https://www.cnn.com/2022/04/24/us/five-bears-found-hibernating-under-home-scn-trnd/index.html
See heart-stopping moment truck's brakes fail with school bus in its path,"In Ohio, a large tractor-trailer driver deftly guided his rig around a stopped school bus after his brakes failed.<div class=""feedflare"">
<a href=""http://rss.cnn.com/~ff/rss/cnn_topstories?a=CjbFjd-OB6U:ZojJZd8fl9c:yIl2AUoC8zA""><img border=""0"" src=""http://feeds.feedburner.com/~ff/rss/cnn_topstories?d=yIl2AUoC8zA"" /></a> <a href=""http://rss.cnn.com/~ff/rss/cnn_topstories?a=CjbFjd-OB6U:ZojJZd8fl9c:7Q72WNTAKBA""><img border=""0"" src=""http://feeds.feedburner.com/~ff/rss/cnn_topstories?d=7Q72WNTAKBA"" /></a> <a href=""http://rss.cnn.com/~ff/rss/cnn_topstories?a=CjbFjd-OB6U:ZojJZd8fl9c:V_sGLiPBpWU""><img border=""0"" src=""http://feeds.feedburner.com/~ff/rss/cnn_topstories?i=CjbFjd-OB6U:ZojJZd8fl9c:V_sGLiPBpWU"" /></a> <a href=""http://rss.cnn.com/~ff/rss/cnn_topstories?a=CjbFjd-OB6U:ZojJZd8fl9c:qj6IDK7rITs""><img border=""0"" src=""http://feeds.feedburner.com/~ff/rss/cnn_topstories?d=qj6IDK7rITs"" /></a> <a href=""http://rss.cnn.com/~ff/rss/cnn_topstories?a=CjbFjd-OB6U:ZojJZd8fl9c:gIN9vFwOqvQ""><img border=""0"" src=""http://feeds.feedburner.com/~ff/rss/cnn_topstories?i=CjbFjd-OB6U:ZojJZd8fl9c:gIN9vFwOqvQ"" /></a>
</div>",https://www.cnn.com/videos/us/2022/04/23/tractor-trailer-school-bus-near-miss-ohio-wndxp-vpx.hln
Opinion: The surprising solution to gun violence,"In 1973, two psychologists came up with a clever experiment. They took a group of Princeton Theological Seminary students and asked them to walk across campus to give a lecture on the parable of the ""Good Samaritan."" Along their route, the psychologists positioned someone in a doorway, not moving, eyes closed, coughing and groaning as the study subjects went by -- someone, in other words, clearly in need of a Good Samaritan's help.<div class=""feedflare"">
<a href=""http://rss.cnn.com/~ff/rss/cnn_topstories?a=IKvDjs2RTCg:iFyDBZ-IegM:yIl2AUoC8zA""><img border=""0"" src=""http://feeds.feedburner.com/~ff/rss/cnn_topstories?d=yIl2AUoC8zA"" /></a> <a href=""http://rss.cnn.com/~ff/rss/cnn_topstories?a=IKvDjs2RTCg:iFyDBZ-IegM:7Q72WNTAKBA""><img border=""0"" src=""http://feeds.feedburner.com/~ff/rss/cnn_topstories?d=7Q72WNTAKBA"" /></a> <a href=""http://rss.cnn.com/~ff/rss/cnn_topstories?a=IKvDjs2RTCg:iFyDBZ-IegM:V_sGLiPBpWU""><img border=""0"" src=""http://feeds.feedburner.com/~ff/rss/cnn_topstories?i=IKvDjs2RTCg:iFyDBZ-IegM:V_sGLiPBpWU"" /></a> <a href=""http://rss.cnn.com/~ff/rss/cnn_topstories?a=IKvDjs2RTCg:iFyDBZ-IegM:qj6IDK7rITs""><img border=""0"" src=""http://feeds.feedburner.com/~ff/rss/cnn_topstories?d=qj6IDK7rITs"" /></a> <a href=""http://rss.cnn.com/~ff/rss/cnn_topstories?a=IKvDjs2RTCg:iFyDBZ-IegM:gIN9vFwOqvQ""><img border=""0"" src=""http://feeds.feedburner.com/~ff/rss/cnn_topstories?i=IKvDjs2RTCg:iFyDBZ-IegM:gIN9vFwOqvQ"" /></a>
</div>",https://www.cnn.com/2022/04/23/opinions/surprising-solution-to-gun-violence-ludwig/index.html
'What the f***': Hear Navalny's first words after poisoning,"""Navalny"" premieres Sunday, April 24, at 9 p.m. ET on CNN. The fly-on-the-wall documentary follows Russian opposition leader Alexey Navalny through his political rise, poisoning and search for the truth.<div class=""feedflare"">
<a href=""http://rss.cnn.com/~ff/rss/cnn_topstories?a=uzBT_t5wVdg:NmZMGZh4VPQ:yIl2AUoC8zA""><img border=""0"" src=""http://feeds.feedburner.com/~ff/rss/cnn_topstories?d=yIl2AUoC8zA"" /></a> <a href=""http://rss.cnn.com/~ff/rss/cnn_topstories?a=uzBT_t5wVdg:NmZMGZh4VPQ:7Q72WNTAKBA""><img border=""0"" src=""http://feeds.feedburner.com/~ff/rss/cnn_topstories?d=7Q72WNTAKBA"" /></a> <a href=""http://rss.cnn.com/~ff/rss/cnn_topstories?a=uzBT_t5wVdg:NmZMGZh4VPQ:V_sGLiPBpWU""><img border=""0"" src=""http://feeds.feedburner.com/~ff/rss/cnn_topstories?i=uzBT_t5wVdg:NmZMGZh4VPQ:V_sGLiPBpWU"" /></a> <a href=""http://rss.cnn.com/~ff/rss/cnn_topstories?a=uzBT_t5wVdg:NmZMGZh4VPQ:qj6IDK7rITs""><img border=""0"" src=""http://feeds.feedburner.com/~ff/rss/cnn_topstories?d=qj6IDK7rITs"" /></a> <a href=""http://rss.cnn.com/~ff/rss/cnn_topstories?a=uzBT_t5wVdg:NmZMGZh4VPQ:gIN9vFwOqvQ""><img border=""0"" src=""http://feeds.feedburner.com/~ff/rss/cnn_topstories?i=uzBT_t5wVdg:NmZMGZh4VPQ:gIN9vFwOqvQ"" /></a>
</div>",https://www.cnn.com/videos/world/2022/04/16/navalny-hospital-after-poison-origseriesfilms-1.cnn
6 ways to build wealth like millionaires do,"<div class=""feedflare"">
<a href=""http://rss.cnn.com/~ff/rss/cnn_topstories?a=MU6GdPHxmxQ:K9SJ8hRbplc:yIl2AUoC8zA""><img border=""0"" src=""http://feeds.feedburner.com/~ff/rss/cnn_topstories?d=yIl2AUoC8zA"" /></a> <a href=""http://rss.cnn.com/~ff/rss/cnn_topstories?a=MU6GdPHxmxQ:K9SJ8hRbplc:7Q72WNTAKBA""><img border=""0"" src=""http://feeds.feedburner.com/~ff/rss/cnn_topstories?d=7Q72WNTAKBA"" /></a> <a href=""http://rss.cnn.com/~ff/rss/cnn_topstories?a=MU6GdPHxmxQ:K9SJ8hRbplc:V_sGLiPBpWU""><img border=""0"" src=""http://feeds.feedburner.com/~ff/rss/cnn_topstories?i=MU6GdPHxmxQ:K9SJ8hRbplc:V_sGLiPBpWU"" /></a> <a href=""http://rss.cnn.com/~ff/rss/cnn_topstories?a=MU6GdPHxmxQ:K9SJ8hRbplc:qj6IDK7rITs""><img border=""0"" src=""http://feeds.feedburner.com/~ff/rss/cnn_topstories?d=qj6IDK7rITs"" /></a> <a href=""http://rss.cnn.com/~ff/rss/cnn_topstories?a=MU6GdPHxmxQ:K9SJ8hRbplc:gIN9vFwOqvQ""><img border=""0"" src=""http://feeds.feedburner.com/~ff/rss/cnn_topstories?i=MU6GdPHxmxQ:K9SJ8hRbplc:gIN9vFwOqvQ"" /></a>
</div>",https://financebuzz.com/millionaire-lessons-lz2k?utm_source=cnn&utm_medium=paid-native-rs&utm_term=ros&utm_campaign=millionaire-lessons&utm_content=text-only&adgroupid=cnn-nb-millionairelessons
The wild reason that every U-Haul truck has an Arizona license plate,"There are around 175,000 white and orange U-Haul rental trucks in the United States and Canada for do-it-yourself movers. And they all have something strange in common: Arizona license plates with the word ""apportioned"" slapped on them.<div class=""feedflare"">
<a href=""http://rss.cnn.com/~ff/rss/cnn_topstories?a=kiOJ4y1pIJ4:HfKIVwGOda8:yIl2AUoC8zA""><img border=""0"" src=""http://feeds.feedburner.com/~ff/rss/cnn_topstories?d=yIl2AUoC8zA"" /></a> <a href=""http://rss.cnn.com/~ff/rss/cnn_topstories?a=kiOJ4y1pIJ4:HfKIVwGOda8:7Q72WNTAKBA""><img border=""0"" src=""http://feeds.feedburner.com/~ff/rss/cnn_topstories?d=7Q72WNTAKBA"" /></a> <a href=""http://rss.cnn.com/~ff/rss/cnn_topstories?a=kiOJ4y1pIJ4:HfKIVwGOda8:V_sGLiPBpWU""><img border=""0"" src=""http://feeds.feedburner.com/~ff/rss/cnn_topstories?i=kiOJ4y1pIJ4:HfKIVwGOda8:V_sGLiPBpWU"" /></a> <a href=""http://rss.cnn.com/~ff/rss/cnn_topstories?a=kiOJ4y1pIJ4:HfKIVwGOda8:qj6IDK7rITs""><img border=""0"" src=""http://feeds.feedburner.com/~ff/rss/cnn_topstories?d=qj6IDK7rITs"" /></a> <a href=""http://rss.cnn.com/~ff/rss/cnn_topstories?a=kiOJ4y1pIJ4:HfKIVwGOda8:gIN9vFwOqvQ""><img border=""0"" src=""http://feeds.feedburner.com/~ff/rss/cnn_topstories?i=kiOJ4y1pIJ4:HfKIVwGOda8:gIN9vFwOqvQ"" /></a>
</div>",https://www.cnn.com/2022/04/23/business/uhaul-rental-trucks-license-plates-arizona/index.html
'Why would Walgreen's do this?': The store's latest update is annoying some shoppers,"<div class=""feedflare"">
<a href=""http://rss.cnn.com/~ff/rss/cnn_topstories?a=3OtjI-XUmwY:lKal6lIVuI0:yIl2AUoC8zA""><img border=""0"" src=""http://feeds.feedburner.com/~ff/rss/cnn_topstories?d=yIl2AUoC8zA"" /></a> <a href=""http://rss.cnn.com/~ff/rss/cnn_topstories?a=3OtjI-XUmwY:lKal6lIVuI0:7Q72WNTAKBA""><img border=""0"" src=""http://feeds.feedburner.com/~ff/rss/cnn_topstories?d=7Q72WNTAKBA"" /></a> <a href=""http://rss.cnn.com/~ff/rss/cnn_topstories?a=3OtjI-XUmwY:lKal6lIVuI0:V_sGLiPBpWU""><img border=""0"" src=""http://feeds.feedburner.com/~ff/rss/cnn_topstories?i=3OtjI-XUmwY:lKal6lIVuI0:V_sGLiPBpWU"" /></a> <a href=""http://rss.cnn.com/~ff/rss/cnn_topstories?a=3OtjI-XUmwY:lKal6lIVuI0:qj6IDK7rITs""><img border=""0"" src=""http://feeds.feedburner.com/~ff/rss/cnn_topstories?d=qj6IDK7rITs"" /></a> <a href=""http://rss.cnn.com/~ff/rss/cnn_topstories?a=3OtjI-XUmwY:lKal6lIVuI0:gIN9vFwOqvQ""><img border=""0"" src=""http://feeds.feedburner.com/~ff/rss/cnn_topstories?i=3OtjI-XUmwY:lKal6lIVuI0:gIN9vFwOqvQ"" /></a>
</div>",https://www.cnn.com/2022/03/12/business/walgreens-freezer-screens/index.html
The future of Kohl's is about to be decided,"<div class=""feedflare"">
<a href=""http://rss.cnn.com/~ff/rss/cnn_topstories?a=ppKbpjUz2zM:UHOYWL44sk4:yIl2AUoC8zA""><img border=""0"" src=""http://feeds.feedburner.com/~ff/rss/cnn_topstories?d=yIl2AUoC8zA"" /></a> <a href=""http://rss.cnn.com/~ff/rss/cnn_topstories?a=ppKbpjUz2zM:UHOYWL44sk4:7Q72WNTAKBA""><img border=""0"" src=""http://feeds.feedburner.com/~ff/rss/cnn_topstories?d=7Q72WNTAKBA"" /></a> <a href=""http://rss.cnn.com/~ff/rss/cnn_topstories?a=ppKbpjUz2zM:UHOYWL44sk4:V_sGLiPBpWU""><img border=""0"" src=""http://feeds.feedburner.com/~ff/rss/cnn_topstories?i=ppKbpjUz2zM:UHOYWL44sk4:V_sGLiPBpWU"" /></a> <a href=""http://rss.cnn.com/~ff/rss/cnn_topstories?a=ppKbpjUz2zM:UHOYWL44sk4:qj6IDK7rITs""><img border=""0"" src=""http://feeds.feedburner.com/~ff/rss/cnn_topstories?d=qj6IDK7rITs"" /></a> <a href=""http://rss.cnn.com/~ff/rss/cnn_topstories?a=ppKbpjUz2zM:UHOYWL44sk4:gIN9vFwOqvQ""><img border=""0"" src=""http://feeds.feedburner.com/~ff/rss/cnn_topstories?i=ppKbpjUz2zM:UHOYWL44sk4:gIN9vFwOqvQ"" /></a>
</div>",https://www.cnn.com/2022/03/31/business/kohls-stock-activist-investor/index.html
Why you'll never hear 'you're welcome' from a Chick-fil-A worker,"No one has ever confused the service at fast food joints for luxury hotels.<div class=""feedflare"">
<a href=""http://rss.cnn.com/~ff/rss/cnn_topstories?a=rLi6tVGJrLI:ZJBgi4x_Q9Q:yIl2AUoC8zA""><img border=""0"" src=""http://feeds.feedburner.com/~ff/rss/cnn_topstories?d=yIl2AUoC8zA"" /></a> <a href=""http://rss.cnn.com/~ff/rss/cnn_topstories?a=rLi6tVGJrLI:ZJBgi4x_Q9Q:7Q72WNTAKBA""><img border=""0"" src=""http://feeds.feedburner.com/~ff/rss/cnn_topstories?d=7Q72WNTAKBA"" /></a> <a href=""http://rss.cnn.com/~ff/rss/cnn_topstories?a=rLi6tVGJrLI:ZJBgi4x_Q9Q:V_sGLiPBpWU""><img border=""0"" src=""http://feeds.feedburner.com/~ff/rss/cnn_topstories?i=rLi6tVGJrLI:ZJBgi4x_Q9Q:V_sGLiPBpWU"" /></a> <a href=""http://rss.cnn.com/~ff/rss/cnn_topstories?a=rLi6tVGJrLI:ZJBgi4x_Q9Q:qj6IDK7rITs""><img border=""0"" src=""http://feeds.feedburner.com/~ff/rss/cnn_topstories?d=qj6IDK7rITs"" /></a> <a href=""http://rss.cnn.com/~ff/rss/cnn_topstories?a=rLi6tVGJrLI:ZJBgi4x_Q9Q:gIN9vFwOqvQ""><img border=""0"" src=""http://feeds.feedburner.com/~ff/rss/cnn_topstories?i=rLi6tVGJrLI:ZJBgi4x_Q9Q:gIN9vFwOqvQ"" /></a>
</div>",https://www.cnn.com/2022/04/09/business/chick-fil-a-my-pleasure/index.html
"This Walmart job starts at $95,000 a year","Walmart is raising pay for long-haul truck drivers, a taxing job that is increasingly difficult for companies to fill.<div class=""feedflare"">
<a href=""http://rss.cnn.com/~ff/rss/cnn_topstories?a=4YSy5YjXa1Q:ghvUu2_Qc8s:yIl2AUoC8zA""><img border=""0"" src=""http://feeds.feedburner.com/~ff/rss/cnn_topstories?d=yIl2AUoC8zA"" /></a> <a href=""http://rss.cnn.com/~ff/rss/cnn_topstories?a=4YSy5YjXa1Q:ghvUu2_Qc8s:7Q72WNTAKBA""><img border=""0"" src=""http://feeds.feedburner.com/~ff/rss/cnn_topstories?d=7Q72WNTAKBA"" /></a> <a href=""http://rss.cnn.com/~ff/rss/cnn_topstories?a=4YSy5YjXa1Q:ghvUu2_Qc8s:V_sGLiPBpWU""><img border=""0"" src=""http://feeds.feedburner.com/~ff/rss/cnn_topstories?i=4YSy5YjXa1Q:ghvUu2_Qc8s:V_sGLiPBpWU"" /></a> <a href=""http://rss.cnn.com/~ff/rss/cnn_topstories?a=4YSy5YjXa1Q:ghvUu2_Qc8s:qj6IDK7rITs""><img border=""0"" src=""http://feeds.feedburner.com/~ff/rss/cnn_topstories?d=qj6IDK7rITs"" /></a> <a href=""http://rss.cnn.com/~ff/rss/cnn_topstories?a=4YSy5YjXa1Q:ghvUu2_Qc8s:gIN9vFwOqvQ""><img border=""0"" src=""http://feeds.feedburner.com/~ff/rss/cnn_topstories?i=4YSy5YjXa1Q:ghvUu2_Qc8s:gIN9vFwOqvQ"" /></a>
</div>",https://www.cnn.com/2022/04/07/business/walmart-truck-driver-pay/index.html
How Amazon stops shoppers from abandoning their virtual carts,"Saving money can take a little extra effort: clipping coupons, searching for a promotional code, signing up for an email list....<div class=""feedflare"">
<a href=""http://rss.cnn.com/~ff/rss/cnn_topstories?a=4lSVpcLz9Pw:6IPuBC7lICo:yIl2AUoC8zA""><img border=""0"" src=""http://feeds.feedburner.com/~ff/rss/cnn_topstories?d=yIl2AUoC8zA"" /></a> <a href=""http://rss.cnn.com/~ff/rss/cnn_topstories?a=4lSVpcLz9Pw:6IPuBC7lICo:7Q72WNTAKBA""><img border=""0"" src=""http://feeds.feedburner.com/~ff/rss/cnn_topstories?d=7Q72WNTAKBA"" /></a> <a href=""http://rss.cnn.com/~ff/rss/cnn_topstories?a=4lSVpcLz9Pw:6IPuBC7lICo:V_sGLiPBpWU""><img border=""0"" src=""http://feeds.feedburner.com/~ff/rss/cnn_topstories?i=4lSVpcLz9Pw:6IPuBC7lICo:V_sGLiPBpWU"" /></a> <a href=""http://rss.cnn.com/~ff/rss/cnn_topstories?a=4lSVpcLz9Pw:6IPuBC7lICo:qj6IDK7rITs""><img border=""0"" src=""http://feeds.feedburner.com/~ff/rss/cnn_topstories?d=qj6IDK7rITs"" /></a> <a href=""http://rss.cnn.com/~ff/rss/cnn_topstories?a=4lSVpcLz9Pw:6IPuBC7lICo:gIN9vFwOqvQ""><img border=""0"" src=""http://feeds.feedburner.com/~ff/rss/cnn_topstories?i=4lSVpcLz9Pw:6IPuBC7lICo:gIN9vFwOqvQ"" /></a>
</div>",https://www.cnn.com/2022/03/26/business/amazon-coupons-shopping-psychology/index.html
Gap is in turmoil,"Old Navy has long been the crown jewel of Gap's otherwise inconsistent businesses. But now, even Old Navy is struggling. And that's weighing on its parent company in a big way.<div class=""feedflare"">
<a href=""http://rss.cnn.com/~ff/rss/cnn_topstories?a=fNCYTdsvBuU:KPMAwRDts1A:yIl2AUoC8zA""><img border=""0"" src=""http://feeds.feedburner.com/~ff/rss/cnn_topstories?d=yIl2AUoC8zA"" /></a> <a href=""http://rss.cnn.com/~ff/rss/cnn_topstories?a=fNCYTdsvBuU:KPMAwRDts1A:7Q72WNTAKBA""><img border=""0"" src=""http://feeds.feedburner.com/~ff/rss/cnn_topstories?d=7Q72WNTAKBA"" /></a> <a href=""http://rss.cnn.com/~ff/rss/cnn_topstories?a=fNCYTdsvBuU:KPMAwRDts1A:V_sGLiPBpWU""><img border=""0"" src=""http://feeds.feedburner.com/~ff/rss/cnn_topstories?i=fNCYTdsvBuU:KPMAwRDts1A:V_sGLiPBpWU"" /></a> <a href=""http://rss.cnn.com/~ff/rss/cnn_topstories?a=fNCYTdsvBuU:KPMAwRDts1A:qj6IDK7rITs""><img border=""0"" src=""http://feeds.feedburner.com/~ff/rss/cnn_topstories?d=qj6IDK7rITs"" /></a> <a href=""http://rss.cnn.com/~ff/rss/cnn_topstories?a=fNCYTdsvBuU:KPMAwRDts1A:gIN9vFwOqvQ""><img border=""0"" src=""http://feeds.feedburner.com/~ff/rss/cnn_topstories?i=fNCYTdsvBuU:KPMAwRDts1A:gIN9vFwOqvQ"" /></a>
</div>",https://www.cnn.com/2022/04/22/business/gap-stock-old-navy/index.html
Podcast: People of color and the working class are hit hardest by inflation. Here's why,"<div class=""feedflare"">
<a href=""http://rss.cnn.com/~ff/rss/cnn_topstories?a=4dOnGtSgXYQ:W3y4D_spxNM:yIl2AUoC8zA""><img border=""0"" src=""http://feeds.feedburner.com/~ff/rss/cnn_topstories?d=yIl2AUoC8zA"" /></a> <a href=""http://rss.cnn.com/~ff/rss/cnn_topstories?a=4dOnGtSgXYQ:W3y4D_spxNM:7Q72WNTAKBA""><img border=""0"" src=""http://feeds.feedburner.com/~ff/rss/cnn_topstories?d=7Q72WNTAKBA"" /></a> <a href=""http://rss.cnn.com/~ff/rss/cnn_topstories?a=4dOnGtSgXYQ:W3y4D_spxNM:V_sGLiPBpWU""><img border=""0"" src=""http://feeds.feedburner.com/~ff/rss/cnn_topstories?i=4dOnGtSgXYQ:W3y4D_spxNM:V_sGLiPBpWU"" /></a> <a href=""http://rss.cnn.com/~ff/rss/cnn_topstories?a=4dOnGtSgXYQ:W3y4D_spxNM:qj6IDK7rITs""><img border=""0"" src=""http://feeds.feedburner.com/~ff/rss/cnn_topstories?d=qj6IDK7rITs"" /></a> <a href=""http://rss.cnn.com/~ff/rss/cnn_topstories?a=4dOnGtSgXYQ:W3y4D_spxNM:gIN9vFwOqvQ""><img border=""0"" src=""http://feeds.feedburner.com/~ff/rss/cnn_topstories?i=4dOnGtSgXYQ:W3y4D_spxNM:gIN9vFwOqvQ"" /></a>
</div>",https://www.cnn.com/audio/podcasts/diversifying/episodes/a384fbf8-f48e-4421-be5f-ae770130ab5b
"Emmanuel Macron and Marine Le Pen face off again, with France's future direction at stake","French voters will choose between two very different visions for their country during Sunday's presidential runoff election, as the centrist President Emmanuel Macron seeks to fend off a challenge from his far-right opponent, Marine Le Pen.<div class=""feedflare"">
<a href=""http://rss.cnn.com/~ff/rss/cnn_topstories?a=Cc_UZnZiD54:ds8zvzh_koc:yIl2AUoC8zA""><img border=""0"" src=""http://feeds.feedburner.com/~ff/rss/cnn_topstories?d=yIl2AUoC8zA"" /></a> <a href=""http://rss.cnn.com/~ff/rss/cnn_topstories?a=Cc_UZnZiD54:ds8zvzh_koc:7Q72WNTAKBA""><img border=""0"" src=""http://feeds.feedburner.com/~ff/rss/cnn_topstories?d=7Q72WNTAKBA"" /></a> <a href=""http://rss.cnn.com/~ff/rss/cnn_topstories?a=Cc_UZnZiD54:ds8zvzh_koc:V_sGLiPBpWU""><img border=""0"" src=""http://feeds.feedburner.com/~ff/rss/cnn_topstories?i=Cc_UZnZiD54:ds8zvzh_koc:V_sGLiPBpWU"" /></a> <a href=""http://rss.cnn.com/~ff/rss/cnn_topstories?a=Cc_UZnZiD54:ds8zvzh_koc:qj6IDK7rITs""><img border=""0"" src=""http://feeds.feedburner.com/~ff/rss/cnn_topstories?d=qj6IDK7rITs"" /></a> <a href=""http://rss.cnn.com/~ff/rss/cnn_topstories?a=Cc_UZnZiD54:ds8zvzh_koc:gIN9vFwOqvQ""><img border=""0"" src=""http://feeds.feedburner.com/~ff/rss/cnn_topstories?i=Cc_UZnZiD54:ds8zvzh_koc:gIN9vFwOqvQ"" /></a>
</div>",https://www.cnn.com/2022/04/24/europe/french-presidential-election-preview-intl/index.html
Opinion: Macron flirted with the far-right. And France lost,"When he was first elected French President in 2017, Emmanuel Macron promised that over the next five years he would do everything to ensure people would no longer have ""any reason to vote for the extremes.""<div class=""feedflare"">
<a href=""http://rss.cnn.com/~ff/rss/cnn_topstories?a=CHRiL9k0pLs:Sr70-KD-mtU:yIl2AUoC8zA""><img border=""0"" src=""http://feeds.feedburner.com/~ff/rss/cnn_topstories?d=yIl2AUoC8zA"" /></a> <a href=""http://rss.cnn.com/~ff/rss/cnn_topstories?a=CHRiL9k0pLs:Sr70-KD-mtU:7Q72WNTAKBA""><img border=""0"" src=""http://feeds.feedburner.com/~ff/rss/cnn_topstories?d=7Q72WNTAKBA"" /></a> <a href=""http://rss.cnn.com/~ff/rss/cnn_topstories?a=CHRiL9k0pLs:Sr70-KD-mtU:V_sGLiPBpWU""><img border=""0"" src=""http://feeds.feedburner.com/~ff/rss/cnn_topstories?i=CHRiL9k0pLs:Sr70-KD-mtU:V_sGLiPBpWU"" /></a> <a href=""http://rss.cnn.com/~ff/rss/cnn_topstories?a=CHRiL9k0pLs:Sr70-KD-mtU:qj6IDK7rITs""><img border=""0"" src=""http://feeds.feedburner.com/~ff/rss/cnn_topstories?d=qj6IDK7rITs"" /></a> <a href=""http://rss.cnn.com/~ff/rss/cnn_topstories?a=CHRiL9k0pLs:Sr70-KD-mtU:gIN9vFwOqvQ""><img border=""0"" src=""http://feeds.feedburner.com/~ff/rss/cnn_topstories?i=CHRiL9k0pLs:Sr70-KD-mtU:gIN9vFwOqvQ"" /></a>
</div>",https://www.cnn.com/2022/04/20/opinions/france-election-macron-le-pen-far-right-alouane/index.html
Analysis: French election could be a bigger shock to markets than Brexit or Trump,"French voters are expected to hand Emmanuel Macron five more years in office on Sunday, favoring the president over far-right candidate Marine Le Pen after a strong showing in a fiery debate. But investors remain on edge.<div class=""feedflare"">
<a href=""http://rss.cnn.com/~ff/rss/cnn_topstories?a=4Vpw8Ibk-Ww:f3_I2i1_Om0:yIl2AUoC8zA""><img border=""0"" src=""http://feeds.feedburner.com/~ff/rss/cnn_topstories?d=yIl2AUoC8zA"" /></a> <a href=""http://rss.cnn.com/~ff/rss/cnn_topstories?a=4Vpw8Ibk-Ww:f3_I2i1_Om0:7Q72WNTAKBA""><img border=""0"" src=""http://feeds.feedburner.com/~ff/rss/cnn_topstories?d=7Q72WNTAKBA"" /></a> <a href=""http://rss.cnn.com/~ff/rss/cnn_topstories?a=4Vpw8Ibk-Ww:f3_I2i1_Om0:V_sGLiPBpWU""><img border=""0"" src=""http://feeds.feedburner.com/~ff/rss/cnn_topstories?i=4Vpw8Ibk-Ww:f3_I2i1_Om0:V_sGLiPBpWU"" /></a> <a href=""http://rss.cnn.com/~ff/rss/cnn_topstories?a=4Vpw8Ibk-Ww:f3_I2i1_Om0:qj6IDK7rITs""><img border=""0"" src=""http://feeds.feedburner.com/~ff/rss/cnn_topstories?d=qj6IDK7rITs"" /></a> <a href=""http://rss.cnn.com/~ff/rss/cnn_topstories?a=4Vpw8Ibk-Ww:f3_I2i1_Om0:gIN9vFwOqvQ""><img border=""0"" src=""http://feeds.feedburner.com/~ff/rss/cnn_topstories?i=4Vpw8Ibk-Ww:f3_I2i1_Om0:gIN9vFwOqvQ"" /></a>
</div>",https://www.cnn.com/2022/04/22/investing/french-election-le-pen-macron-markets/index.html
Felons turned firefighters find new lives on the front lines,"John Reyna peeled off protective gear at the firefighter Ventura Training Center (VTC), and reflected on dark days in prison.<div class=""feedflare"">
<a href=""http://rss.cnn.com/~ff/rss/cnn_topstories?a=74ea5OqCK6A:uvEUt353eWU:yIl2AUoC8zA""><img border=""0"" src=""http://feeds.feedburner.com/~ff/rss/cnn_topstories?d=yIl2AUoC8zA"" /></a> <a href=""http://rss.cnn.com/~ff/rss/cnn_topstories?a=74ea5OqCK6A:uvEUt353eWU:7Q72WNTAKBA""><img border=""0"" src=""http://feeds.feedburner.com/~ff/rss/cnn_topstories?d=7Q72WNTAKBA"" /></a> <a href=""http://rss.cnn.com/~ff/rss/cnn_topstories?a=74ea5OqCK6A:uvEUt353eWU:V_sGLiPBpWU""><img border=""0"" src=""http://feeds.feedburner.com/~ff/rss/cnn_topstories?i=74ea5OqCK6A:uvEUt353eWU:V_sGLiPBpWU"" /></a> <a href=""http://rss.cnn.com/~ff/rss/cnn_topstories?a=74ea5OqCK6A:uvEUt353eWU:qj6IDK7rITs""><img border=""0"" src=""http://feeds.feedburner.com/~ff/rss/cnn_topstories?d=qj6IDK7rITs"" /></a> <a href=""http://rss.cnn.com/~ff/rss/cnn_topstories?a=74ea5OqCK6A:uvEUt353eWU:gIN9vFwOqvQ""><img border=""0"" src=""http://feeds.feedburner.com/~ff/rss/cnn_topstories?i=74ea5OqCK6A:uvEUt353eWU:gIN9vFwOqvQ"" /></a>
</div>",https://www.cnn.com/2022/04/24/us/felon-firefighters-california/index.html
Spider monkey with 'Batman' markings born at Florida zoo,"The ""Batman Returns"" -- at a Florida zoo.<div class=""feedflare"">
<a href=""http://rss.cnn.com/~ff/rss/cnn_topstories?a=TuyotWeu2cQ:-H_ag48xS6U:yIl2AUoC8zA""><img border=""0"" src=""http://feeds.feedburner.com/~ff/rss/cnn_topstories?d=yIl2AUoC8zA"" /></a> <a href=""http://rss.cnn.com/~ff/rss/cnn_topstories?a=TuyotWeu2cQ:-H_ag48xS6U:7Q72WNTAKBA""><img border=""0"" src=""http://feeds.feedburner.com/~ff/rss/cnn_topstories?d=7Q72WNTAKBA"" /></a> <a href=""http://rss.cnn.com/~ff/rss/cnn_topstories?a=TuyotWeu2cQ:-H_ag48xS6U:V_sGLiPBpWU""><img border=""0"" src=""http://feeds.feedburner.com/~ff/rss/cnn_topstories?i=TuyotWeu2cQ:-H_ag48xS6U:V_sGLiPBpWU"" /></a> <a href=""http://rss.cnn.com/~ff/rss/cnn_topstories?a=TuyotWeu2cQ:-H_ag48xS6U:qj6IDK7rITs""><img border=""0"" src=""http://feeds.feedburner.com/~ff/rss/cnn_topstories?d=qj6IDK7rITs"" /></a> <a href=""http://rss.cnn.com/~ff/rss/cnn_topstories?a=TuyotWeu2cQ:-H_ag48xS6U:gIN9vFwOqvQ""><img border=""0"" src=""http://feeds.feedburner.com/~ff/rss/cnn_topstories?i=TuyotWeu2cQ:-H_ag48xS6U:gIN9vFwOqvQ"" /></a>
</div>",https://www.cnn.com/2022/04/23/us/florida-spider-monkey-batman-scn-trnd/index.html
"She was fed up with anti-abortion protesters, so she broadcasted them on TikTok","An abortion clinic escort in Nebraska looks out for bombs to keep patients entering the building safe. See how she's using TikTok to confront the pro-life protesters surrounding the clinic.<div class=""feedflare"">
<a href=""http://rss.cnn.com/~ff/rss/cnn_topstories?a=m01tUih6LYo:HXMNmC83LoY:yIl2AUoC8zA""><img border=""0"" src=""http://feeds.feedburner.com/~ff/rss/cnn_topstories?d=yIl2AUoC8zA"" /></a> <a href=""http://rss.cnn.com/~ff/rss/cnn_topstories?a=m01tUih6LYo:HXMNmC83LoY:7Q72WNTAKBA""><img border=""0"" src=""http://feeds.feedburner.com/~ff/rss/cnn_topstories?d=7Q72WNTAKBA"" /></a> <a href=""http://rss.cnn.com/~ff/rss/cnn_topstories?a=m01tUih6LYo:HXMNmC83LoY:V_sGLiPBpWU""><img border=""0"" src=""http://feeds.feedburner.com/~ff/rss/cnn_topstories?i=m01tUih6LYo:HXMNmC83LoY:V_sGLiPBpWU"" /></a> <a href=""http://rss.cnn.com/~ff/rss/cnn_topstories?a=m01tUih6LYo:HXMNmC83LoY:qj6IDK7rITs""><img border=""0"" src=""http://feeds.feedburner.com/~ff/rss/cnn_topstories?d=qj6IDK7rITs"" /></a> <a href=""http://rss.cnn.com/~ff/rss/cnn_topstories?a=m01tUih6LYo:HXMNmC83LoY:gIN9vFwOqvQ""><img border=""0"" src=""http://feeds.feedburner.com/~ff/rss/cnn_topstories?i=m01tUih6LYo:HXMNmC83LoY:gIN9vFwOqvQ"" /></a>
</div>",https://www.cnn.com/videos/health/2022/04/22/abortion-clinic-escort-protesters-nebraska-orig-jk-mss.cnn
Whitby Abbey seeks vampires to beat world record in honor of Dracula's 125th anniversary,"The Gothic ruins that inspired ""Dracula"" are inviting in the world's largest gathering of vampires -- or just people dressed as them -- to celebrate the 125th anniversary of the iconic horror novel's release.<div class=""feedflare"">
<a href=""http://rss.cnn.com/~ff/rss/cnn_topstories?a=lhZgO-vfuRI:eylnm2obqXU:yIl2AUoC8zA""><img border=""0"" src=""http://feeds.feedburner.com/~ff/rss/cnn_topstories?d=yIl2AUoC8zA"" /></a> <a href=""http://rss.cnn.com/~ff/rss/cnn_topstories?a=lhZgO-vfuRI:eylnm2obqXU:7Q72WNTAKBA""><img border=""0"" src=""http://feeds.feedburner.com/~ff/rss/cnn_topstories?d=7Q72WNTAKBA"" /></a> <a href=""http://rss.cnn.com/~ff/rss/cnn_topstories?a=lhZgO-vfuRI:eylnm2obqXU:V_sGLiPBpWU""><img border=""0"" src=""http://feeds.feedburner.com/~ff/rss/cnn_topstories?i=lhZgO-vfuRI:eylnm2obqXU:V_sGLiPBpWU"" /></a> <a href=""http://rss.cnn.com/~ff/rss/cnn_topstories?a=lhZgO-vfuRI:eylnm2obqXU:qj6IDK7rITs""><img border=""0"" src=""http://feeds.feedburner.com/~ff/rss/cnn_topstories?d=qj6IDK7rITs"" /></a> <a href=""http://rss.cnn.com/~ff/rss/cnn_topstories?a=lhZgO-vfuRI:eylnm2obqXU:gIN9vFwOqvQ""><img border=""0"" src=""http://feeds.feedburner.com/~ff/rss/cnn_topstories?i=lhZgO-vfuRI:eylnm2obqXU:gIN9vFwOqvQ"" /></a>
</div>",https://www.cnn.com/2022/04/24/world/vampire-world-record-whitby-abbey-dracula-trnd/index.html
Not even inflation can slow down the revenge spending phenomenon,"Now that some mask and vaccine mandates are being lifted, consumers seem ready to spend on travel and other leisure experiences. Call it the ""revenge spending"" phenomenon.<div class=""feedflare"">
<a href=""http://rss.cnn.com/~ff/rss/cnn_topstories?a=JH7LvIupKfY:WMfP03ZPF7g:yIl2AUoC8zA""><img border=""0"" src=""http://feeds.feedburner.com/~ff/rss/cnn_topstories?d=yIl2AUoC8zA"" /></a> <a href=""http://rss.cnn.com/~ff/rss/cnn_topstories?a=JH7LvIupKfY:WMfP03ZPF7g:7Q72WNTAKBA""><img border=""0"" src=""http://feeds.feedburner.com/~ff/rss/cnn_topstories?d=7Q72WNTAKBA"" /></a> <a href=""http://rss.cnn.com/~ff/rss/cnn_topstories?a=JH7LvIupKfY:WMfP03ZPF7g:V_sGLiPBpWU""><img border=""0"" src=""http://feeds.feedburner.com/~ff/rss/cnn_topstories?i=JH7LvIupKfY:WMfP03ZPF7g:V_sGLiPBpWU"" /></a> <a href=""http://rss.cnn.com/~ff/rss/cnn_topstories?a=JH7LvIupKfY:WMfP03ZPF7g:qj6IDK7rITs""><img border=""0"" src=""http://feeds.feedburner.com/~ff/rss/cnn_topstories?d=qj6IDK7rITs"" /></a> <a href=""http://rss.cnn.com/~ff/rss/cnn_topstories?a=JH7LvIupKfY:WMfP03ZPF7g:gIN9vFwOqvQ""><img border=""0"" src=""http://feeds.feedburner.com/~ff/rss/cnn_topstories?i=JH7LvIupKfY:WMfP03ZPF7g:gIN9vFwOqvQ"" /></a>
</div>",https://www.cnn.com/2022/04/22/economy/stocks-economy-revenge-spending/index.html
"You can get Prime shipping from other retailers now, on items you don't buy from Amazon","Amazon announced Thursday that it will let third-party merchants offer Prime membership benefits such as free and fast shipping directly to Prime customers through their own online stores rather than solely through the e-commerce giant's platform.<div class=""feedflare"">
<a href=""http://rss.cnn.com/~ff/rss/cnn_topstories?a=2T1Sc2STQRA:Iv8zqHRxeUY:yIl2AUoC8zA""><img border=""0"" src=""http://feeds.feedburner.com/~ff/rss/cnn_topstories?d=yIl2AUoC8zA"" /></a> <a href=""http://rss.cnn.com/~ff/rss/cnn_topstories?a=2T1Sc2STQRA:Iv8zqHRxeUY:7Q72WNTAKBA""><img border=""0"" src=""http://feeds.feedburner.com/~ff/rss/cnn_topstories?d=7Q72WNTAKBA"" /></a> <a href=""http://rss.cnn.com/~ff/rss/cnn_topstories?a=2T1Sc2STQRA:Iv8zqHRxeUY:V_sGLiPBpWU""><img border=""0"" src=""http://feeds.feedburner.com/~ff/rss/cnn_topstories?i=2T1Sc2STQRA:Iv8zqHRxeUY:V_sGLiPBpWU"" /></a> <a href=""http://rss.cnn.com/~ff/rss/cnn_topstories?a=2T1Sc2STQRA:Iv8zqHRxeUY:qj6IDK7rITs""><img border=""0"" src=""http://feeds.feedburner.com/~ff/rss/cnn_topstories?d=qj6IDK7rITs"" /></a> <a href=""http://rss.cnn.com/~ff/rss/cnn_topstories?a=2T1Sc2STQRA:Iv8zqHRxeUY:gIN9vFwOqvQ""><img border=""0"" src=""http://feeds.feedburner.com/~ff/rss/cnn_topstories?i=2T1Sc2STQRA:Iv8zqHRxeUY:gIN9vFwOqvQ"" /></a>
</div>",https://www.cnn.com/2022/04/21/tech/amazon-buy-with-prime/index.html
Are you a single parent navigating higher costs? Share your story.,"Daily life continues to get more expensive as American households battle the worst inflation in 40 years.<div class=""feedflare"">
<a href=""http://rss.cnn.com/~ff/rss/cnn_topstories?a=qaz-wJz4wLk:uxUgwLmjeds:yIl2AUoC8zA""><img border=""0"" src=""http://feeds.feedburner.com/~ff/rss/cnn_topstories?d=yIl2AUoC8zA"" /></a> <a href=""http://rss.cnn.com/~ff/rss/cnn_topstories?a=qaz-wJz4wLk:uxUgwLmjeds:7Q72WNTAKBA""><img border=""0"" src=""http://feeds.feedburner.com/~ff/rss/cnn_topstories?d=7Q72WNTAKBA"" /></a> <a href=""http://rss.cnn.com/~ff/rss/cnn_topstories?a=qaz-wJz4wLk:uxUgwLmjeds:V_sGLiPBpWU""><img border=""0"" src=""http://feeds.feedburner.com/~ff/rss/cnn_topstories?i=qaz-wJz4wLk:uxUgwLmjeds:V_sGLiPBpWU"" /></a> <a href=""http://rss.cnn.com/~ff/rss/cnn_topstories?a=qaz-wJz4wLk:uxUgwLmjeds:qj6IDK7rITs""><img border=""0"" src=""http://feeds.feedburner.com/~ff/rss/cnn_topstories?d=qj6IDK7rITs"" /></a> <a href=""http://rss.cnn.com/~ff/rss/cnn_topstories?a=qaz-wJz4wLk:uxUgwLmjeds:gIN9vFwOqvQ""><img border=""0"" src=""http://feeds.feedburner.com/~ff/rss/cnn_topstories?i=qaz-wJz4wLk:uxUgwLmjeds:gIN9vFwOqvQ"" /></a>
</div>",https://www.cnn.com/2022/04/21/business/single-parent-inflation-callout/index.html
Your mom isn't like other moms; she's a cool mom. Here's what to get her,"<div class=""feedflare"">
<a href=""http://rss.cnn.com/~ff/rss/cnn_topstories?a=f9U631BeabM:wAJMRDwZRbo:yIl2AUoC8zA""><img border=""0"" src=""http://feeds.feedburner.com/~ff/rss/cnn_topstories?d=yIl2AUoC8zA"" /></a> <a href=""http://rss.cnn.com/~ff/rss/cnn_topstories?a=f9U631BeabM:wAJMRDwZRbo:7Q72WNTAKBA""><img border=""0"" src=""http://feeds.feedburner.com/~ff/rss/cnn_topstories?d=7Q72WNTAKBA"" /></a> <a href=""http://rss.cnn.com/~ff/rss/cnn_topstories?a=f9U631BeabM:wAJMRDwZRbo:V_sGLiPBpWU""><img border=""0"" src=""http://feeds.feedburner.com/~ff/rss/cnn_topstories?i=f9U631BeabM:wAJMRDwZRbo:V_sGLiPBpWU"" /></a> <a href=""http://rss.cnn.com/~ff/rss/cnn_topstories?a=f9U631BeabM:wAJMRDwZRbo:qj6IDK7rITs""><img border=""0"" src=""http://feeds.feedburner.com/~ff/rss/cnn_topstories?d=qj6IDK7rITs"" /></a> <a href=""http://rss.cnn.com/~ff/rss/cnn_topstories?a=f9U631BeabM:wAJMRDwZRbo:gIN9vFwOqvQ""><img border=""0"" src=""http://feeds.feedburner.com/~ff/rss/cnn_topstories?i=f9U631BeabM:wAJMRDwZRbo:gIN9vFwOqvQ"" /></a>
</div>",https://www.cnn.com/cnn-underscored/gifts/unique-mothers-day-gifts?iid=CNNUnderscoredHPcontainer
35 sustainable alternatives for things you use every day,"<div class=""feedflare"">
<a href=""http://rss.cnn.com/~ff/rss/cnn_topstories?a=2FRmmlm7sLQ:zyDaQ96CqlE:yIl2AUoC8zA""><img border=""0"" src=""http://feeds.feedburner.com/~ff/rss/cnn_topstories?d=yIl2AUoC8zA"" /></a> <a href=""http://rss.cnn.com/~ff/rss/cnn_topstories?a=2FRmmlm7sLQ:zyDaQ96CqlE:7Q72WNTAKBA""><img border=""0"" src=""http://feeds.feedburner.com/~ff/rss/cnn_topstories?d=7Q72WNTAKBA"" /></a> <a href=""http://rss.cnn.com/~ff/rss/cnn_topstories?a=2FRmmlm7sLQ:zyDaQ96CqlE:V_sGLiPBpWU""><img border=""0"" src=""http://feeds.feedburner.com/~ff/rss/cnn_topstories?i=2FRmmlm7sLQ:zyDaQ96CqlE:V_sGLiPBpWU"" /></a> <a href=""http://rss.cnn.com/~ff/rss/cnn_topstories?a=2FRmmlm7sLQ:zyDaQ96CqlE:qj6IDK7rITs""><img border=""0"" src=""http://feeds.feedburner.com/~ff/rss/cnn_topstories?d=qj6IDK7rITs"" /></a> <a href=""http://rss.cnn.com/~ff/rss/cnn_topstories?a=2FRmmlm7sLQ:zyDaQ96CqlE:gIN9vFwOqvQ""><img border=""0"" src=""http://feeds.feedburner.com/~ff/rss/cnn_topstories?i=2FRmmlm7sLQ:zyDaQ96CqlE:gIN9vFwOqvQ"" /></a>
</div>",https://www.cnn.com/cnn-underscored/home/editors-favorite-sustainable-products?iid=CNNUnderscoredHPcontainer
"The best sales to shop this weekend: myQ Chamberlain, Misen, Anker and more","<div class=""feedflare"">
<a href=""http://rss.cnn.com/~ff/rss/cnn_topstories?a=-eutO9GSDkw:xydXVN9lMG8:yIl2AUoC8zA""><img border=""0"" src=""http://feeds.feedburner.com/~ff/rss/cnn_topstories?d=yIl2AUoC8zA"" /></a> <a href=""http://rss.cnn.com/~ff/rss/cnn_topstories?a=-eutO9GSDkw:xydXVN9lMG8:7Q72WNTAKBA""><img border=""0"" src=""http://feeds.feedburner.com/~ff/rss/cnn_topstories?d=7Q72WNTAKBA"" /></a> <a href=""http://rss.cnn.com/~ff/rss/cnn_topstories?a=-eutO9GSDkw:xydXVN9lMG8:V_sGLiPBpWU""><img border=""0"" src=""http://feeds.feedburner.com/~ff/rss/cnn_topstories?i=-eutO9GSDkw:xydXVN9lMG8:V_sGLiPBpWU"" /></a> <a href=""http://rss.cnn.com/~ff/rss/cnn_topstories?a=-eutO9GSDkw:xydXVN9lMG8:qj6IDK7rITs""><img border=""0"" src=""http://feeds.feedburner.com/~ff/rss/cnn_topstories?d=qj6IDK7rITs"" /></a> <a href=""http://rss.cnn.com/~ff/rss/cnn_topstories?a=-eutO9GSDkw:xydXVN9lMG8:gIN9vFwOqvQ""><img border=""0"" src=""http://feeds.feedburner.com/~ff/rss/cnn_topstories?i=-eutO9GSDkw:xydXVN9lMG8:gIN9vFwOqvQ"" /></a>
</div>",https://www.cnn.com/2022/04/22/cnn-underscored/deals/best-online-sales-right-now?iid=CNNUnderscoredHPcontainer
46 little Amazon products we've tested that make a big difference,"<div class=""feedflare"">
<a href=""http://rss.cnn.com/~ff/rss/cnn_topstories?a=WF1i9DlYUOc:83PHOzhg6Wo:yIl2AUoC8zA""><img border=""0"" src=""http://feeds.feedburner.com/~ff/rss/cnn_topstories?d=yIl2AUoC8zA"" /></a> <a href=""http://rss.cnn.com/~ff/rss/cnn_topstories?a=WF1i9DlYUOc:83PHOzhg6Wo:7Q72WNTAKBA""><img border=""0"" src=""http://feeds.feedburner.com/~ff/rss/cnn_topstories?d=7Q72WNTAKBA"" /></a> <a href=""http://rss.cnn.com/~ff/rss/cnn_topstories?a=WF1i9DlYUOc:83PHOzhg6Wo:V_sGLiPBpWU""><img border=""0"" src=""http://feeds.feedburner.com/~ff/rss/cnn_topstories?i=WF1i9DlYUOc:83PHOzhg6Wo:V_sGLiPBpWU"" /></a> <a href=""http://rss.cnn.com/~ff/rss/cnn_topstories?a=WF1i9DlYUOc:83PHOzhg6Wo:qj6IDK7rITs""><img border=""0"" src=""http://feeds.feedburner.com/~ff/rss/cnn_topstories?d=qj6IDK7rITs"" /></a> <a href=""http://rss.cnn.com/~ff/rss/cnn_topstories?a=WF1i9DlYUOc:83PHOzhg6Wo:gIN9vFwOqvQ""><img border=""0"" src=""http://feeds.feedburner.com/~ff/rss/cnn_topstories?i=WF1i9DlYUOc:83PHOzhg6Wo:gIN9vFwOqvQ"" /></a>
</div>",https://www.cnn.com/cnn-underscored/home/best-amazon-products-big-difference?iid=CNNUnderscoredHPcontainer
"We tested 15 water bottles for their thermoregulation, durability, and more. These 2 winners stood out","<div class=""feedflare"">
<a href=""http://rss.cnn.com/~ff/rss/cnn_topstories?a=gkte94zPYvo:7bvMCbSqcIw:yIl2AUoC8zA""><img border=""0"" src=""http://feeds.feedburner.com/~ff/rss/cnn_topstories?d=yIl2AUoC8zA"" /></a> <a href=""http://rss.cnn.com/~ff/rss/cnn_topstories?a=gkte94zPYvo:7bvMCbSqcIw:7Q72WNTAKBA""><img border=""0"" src=""http://feeds.feedburner.com/~ff/rss/cnn_topstories?d=7Q72WNTAKBA"" /></a> <a href=""http://rss.cnn.com/~ff/rss/cnn_topstories?a=gkte94zPYvo:7bvMCbSqcIw:V_sGLiPBpWU""><img border=""0"" src=""http://feeds.feedburner.com/~ff/rss/cnn_topstories?i=gkte94zPYvo:7bvMCbSqcIw:V_sGLiPBpWU"" /></a> <a href=""http://rss.cnn.com/~ff/rss/cnn_topstories?a=gkte94zPYvo:7bvMCbSqcIw:qj6IDK7rITs""><img border=""0"" src=""http://feeds.feedburner.com/~ff/rss/cnn_topstories?d=qj6IDK7rITs"" /></a> <a href=""http://rss.cnn.com/~ff/rss/cnn_topstories?a=gkte94zPYvo:7bvMCbSqcIw:gIN9vFwOqvQ""><img border=""0"" src=""http://feeds.feedburner.com/~ff/rss/cnn_topstories?i=gkte94zPYvo:7bvMCbSqcIw:gIN9vFwOqvQ"" /></a>
</div>",https://www.cnn.com/cnn-underscored/reviews/best-water-bottle?iid=CNNUnderscoredHPcontainer
"We tested Swedish dishcloths, here's why we'll never go back to paper towels again","<div class=""feedflare"">
<a href=""http://rss.cnn.com/~ff/rss/cnn_topstories?a=boyqo6wqDvo:XC-pAneBOAE:yIl2AUoC8zA""><img border=""0"" src=""http://feeds.feedburner.com/~ff/rss/cnn_topstories?d=yIl2AUoC8zA"" /></a> <a href=""http://rss.cnn.com/~ff/rss/cnn_topstories?a=boyqo6wqDvo:XC-pAneBOAE:7Q72WNTAKBA""><img border=""0"" src=""http://feeds.feedburner.com/~ff/rss/cnn_topstories?d=7Q72WNTAKBA"" /></a> <a href=""http://rss.cnn.com/~ff/rss/cnn_topstories?a=boyqo6wqDvo:XC-pAneBOAE:V_sGLiPBpWU""><img border=""0"" src=""http://feeds.feedburner.com/~ff/rss/cnn_topstories?i=boyqo6wqDvo:XC-pAneBOAE:V_sGLiPBpWU"" /></a> <a href=""http://rss.cnn.com/~ff/rss/cnn_topstories?a=boyqo6wqDvo:XC-pAneBOAE:qj6IDK7rITs""><img border=""0"" src=""http://feeds.feedburner.com/~ff/rss/cnn_topstories?d=qj6IDK7rITs"" /></a> <a href=""http://rss.cnn.com/~ff/rss/cnn_topstories?a=boyqo6wqDvo:XC-pAneBOAE:gIN9vFwOqvQ""><img border=""0"" src=""http://feeds.feedburner.com/~ff/rss/cnn_topstories?i=boyqo6wqDvo:XC-pAneBOAE:gIN9vFwOqvQ"" /></a>
</div>",https://www.cnn.com/cnn-underscored/reviews/swedish-dishcloth-cellulose-sponge?iid=CNNUnderscoredHPcontainer
These silicone baking mats have made us quit tin foil for good. Here's why you should get them too,"<div class=""feedflare"">
<a href=""http://rss.cnn.com/~ff/rss/cnn_topstories?a=mqzjvGJy30g:bNDXgeoMOqk:yIl2AUoC8zA""><img border=""0"" src=""http://feeds.feedburner.com/~ff/rss/cnn_topstories?d=yIl2AUoC8zA"" /></a> <a href=""http://rss.cnn.com/~ff/rss/cnn_topstories?a=mqzjvGJy30g:bNDXgeoMOqk:7Q72WNTAKBA""><img border=""0"" src=""http://feeds.feedburner.com/~ff/rss/cnn_topstories?d=7Q72WNTAKBA"" /></a> <a href=""http://rss.cnn.com/~ff/rss/cnn_topstories?a=mqzjvGJy30g:bNDXgeoMOqk:V_sGLiPBpWU""><img border=""0"" src=""http://feeds.feedburner.com/~ff/rss/cnn_topstories?i=mqzjvGJy30g:bNDXgeoMOqk:V_sGLiPBpWU"" /></a> <a href=""http://rss.cnn.com/~ff/rss/cnn_topstories?a=mqzjvGJy30g:bNDXgeoMOqk:qj6IDK7rITs""><img border=""0"" src=""http://feeds.feedburner.com/~ff/rss/cnn_topstories?d=qj6IDK7rITs"" /></a> <a href=""http://rss.cnn.com/~ff/rss/cnn_topstories?a=mqzjvGJy30g:bNDXgeoMOqk:gIN9vFwOqvQ""><img border=""0"" src=""http://feeds.feedburner.com/~ff/rss/cnn_topstories?i=mqzjvGJy30g:bNDXgeoMOqk:gIN9vFwOqvQ"" /></a>
</div>",https://www.cnn.com/cnn-underscored/reviews/mmmat-silicone-mats/index.html?iid=CNNUnderscoredHPcontainer
Logitech's Lift vertical ergonomic mouse is the perfect WFH accessory,"<div class=""feedflare"">
<a href=""http://rss.cnn.com/~ff/rss/cnn_topstories?a=MSpcwD7z8Sk:ycFwbWa2fBQ:yIl2AUoC8zA""><img border=""0"" src=""http://feeds.feedburner.com/~ff/rss/cnn_topstories?d=yIl2AUoC8zA"" /></a> <a href=""http://rss.cnn.com/~ff/rss/cnn_topstories?a=MSpcwD7z8Sk:ycFwbWa2fBQ:7Q72WNTAKBA""><img border=""0"" src=""http://feeds.feedburner.com/~ff/rss/cnn_topstories?d=7Q72WNTAKBA"" /></a> <a href=""http://rss.cnn.com/~ff/rss/cnn_topstories?a=MSpcwD7z8Sk:ycFwbWa2fBQ:V_sGLiPBpWU""><img border=""0"" src=""http://feeds.feedburner.com/~ff/rss/cnn_topstories?i=MSpcwD7z8Sk:ycFwbWa2fBQ:V_sGLiPBpWU"" /></a> <a href=""http://rss.cnn.com/~ff/rss/cnn_topstories?a=MSpcwD7z8Sk:ycFwbWa2fBQ:qj6IDK7rITs""><img border=""0"" src=""http://feeds.feedburner.com/~ff/rss/cnn_topstories?d=qj6IDK7rITs"" /></a> <a href=""http://rss.cnn.com/~ff/rss/cnn_topstories?a=MSpcwD7z8Sk:ycFwbWa2fBQ:gIN9vFwOqvQ""><img border=""0"" src=""http://feeds.feedburner.com/~ff/rss/cnn_topstories?i=MSpcwD7z8Sk:ycFwbWa2fBQ:gIN9vFwOqvQ"" /></a>
</div>",https://www.cnn.com/cnn-underscored/reviews/logitech-lift-vertical-ergonomic-mouse?iid=CNNUnderscoredHPcontainer
REI's 33 hottest products this spring,"<div class=""feedflare"">
<a href=""http://rss.cnn.com/~ff/rss/cnn_topstories?a=6xATiTz4mXU:khqebza2odc:yIl2AUoC8zA""><img border=""0"" src=""http://feeds.feedburner.com/~ff/rss/cnn_topstories?d=yIl2AUoC8zA"" /></a> <a href=""http://rss.cnn.com/~ff/rss/cnn_topstories?a=6xATiTz4mXU:khqebza2odc:7Q72WNTAKBA""><img border=""0"" src=""http://feeds.feedburner.com/~ff/rss/cnn_topstories?d=7Q72WNTAKBA"" /></a> <a href=""http://rss.cnn.com/~ff/rss/cnn_topstories?a=6xATiTz4mXU:khqebza2odc:V_sGLiPBpWU""><img border=""0"" src=""http://feeds.feedburner.com/~ff/rss/cnn_topstories?i=6xATiTz4mXU:khqebza2odc:V_sGLiPBpWU"" /></a> <a href=""http://rss.cnn.com/~ff/rss/cnn_topstories?a=6xATiTz4mXU:khqebza2odc:qj6IDK7rITs""><img border=""0"" src=""http://feeds.feedburner.com/~ff/rss/cnn_topstories?d=qj6IDK7rITs"" /></a> <a href=""http://rss.cnn.com/~ff/rss/cnn_topstories?a=6xATiTz4mXU:khqebza2odc:gIN9vFwOqvQ""><img border=""0"" src=""http://feeds.feedburner.com/~ff/rss/cnn_topstories?i=6xATiTz4mXU:khqebza2odc:gIN9vFwOqvQ"" /></a>
</div>",https://www.cnn.com/cnn-underscored/outdoors/rei-best-selling-spring-products?iid=CNNUnderscoredHPcontainer
22 products that our editors swear make them just a little happier,"<div class=""feedflare"">
<a href=""http://rss.cnn.com/~ff/rss/cnn_topstories?a=NqP-5dqF3pA:t3HO0Iz2wBw:yIl2AUoC8zA""><img border=""0"" src=""http://feeds.feedburner.com/~ff/rss/cnn_topstories?d=yIl2AUoC8zA"" /></a> <a href=""http://rss.cnn.com/~ff/rss/cnn_topstories?a=NqP-5dqF3pA:t3HO0Iz2wBw:7Q72WNTAKBA""><img border=""0"" src=""http://feeds.feedburner.com/~ff/rss/cnn_topstories?d=7Q72WNTAKBA"" /></a> <a href=""http://rss.cnn.com/~ff/rss/cnn_topstories?a=NqP-5dqF3pA:t3HO0Iz2wBw:V_sGLiPBpWU""><img border=""0"" src=""http://feeds.feedburner.com/~ff/rss/cnn_topstories?i=NqP-5dqF3pA:t3HO0Iz2wBw:V_sGLiPBpWU"" /></a> <a href=""http://rss.cnn.com/~ff/rss/cnn_topstories?a=NqP-5dqF3pA:t3HO0Iz2wBw:qj6IDK7rITs""><img border=""0"" src=""http://feeds.feedburner.com/~ff/rss/cnn_topstories?d=qj6IDK7rITs"" /></a> <a href=""http://rss.cnn.com/~ff/rss/cnn_topstories?a=NqP-5dqF3pA:t3HO0Iz2wBw:gIN9vFwOqvQ""><img border=""0"" src=""http://feeds.feedburner.com/~ff/rss/cnn_topstories?i=NqP-5dqF3pA:t3HO0Iz2wBw:gIN9vFwOqvQ"" /></a>
</div>",https://www.cnn.com/cnn-underscored/health-fitness/editors-favorite-products-joy?iid=CNNUnderscoredHPcontainer
Enter to win a Alpha JX Bidet Seat in the April Underscored Faves Sweepstakes,"<div class=""feedflare"">
<a href=""http://rss.cnn.com/~ff/rss/cnn_topstories?a=sDmtieW1pwk:gre1O_JPzNw:yIl2AUoC8zA""><img border=""0"" src=""http://feeds.feedburner.com/~ff/rss/cnn_topstories?d=yIl2AUoC8zA"" /></a> <a href=""http://rss.cnn.com/~ff/rss/cnn_topstories?a=sDmtieW1pwk:gre1O_JPzNw:7Q72WNTAKBA""><img border=""0"" src=""http://feeds.feedburner.com/~ff/rss/cnn_topstories?d=7Q72WNTAKBA"" /></a> <a href=""http://rss.cnn.com/~ff/rss/cnn_topstories?a=sDmtieW1pwk:gre1O_JPzNw:V_sGLiPBpWU""><img border=""0"" src=""http://feeds.feedburner.com/~ff/rss/cnn_topstories?i=sDmtieW1pwk:gre1O_JPzNw:V_sGLiPBpWU"" /></a> <a href=""http://rss.cnn.com/~ff/rss/cnn_topstories?a=sDmtieW1pwk:gre1O_JPzNw:qj6IDK7rITs""><img border=""0"" src=""http://feeds.feedburner.com/~ff/rss/cnn_topstories?d=qj6IDK7rITs"" /></a> <a href=""http://rss.cnn.com/~ff/rss/cnn_topstories?a=sDmtieW1pwk:gre1O_JPzNw:gIN9vFwOqvQ""><img border=""0"" src=""http://feeds.feedburner.com/~ff/rss/cnn_topstories?i=sDmtieW1pwk:gre1O_JPzNw:gIN9vFwOqvQ"" /></a>
</div>",https://www.cnn.com/cnn-underscored/home/underscored-faves-sweepstakes-april-2022?iid=CNNUnderscoredHPcontainer
Anti-LGBTQ backlash could have deadly consequences,"It's every parent's worst nightmare to have their child's safety or well-being threatened. That's what two gay parents, Robbie Pierce and Neal Broverman, experienced this week when a man accosted them and their two small children on an Amtrak train from Los Angeles to San Francisco.<div class=""feedflare"">
<a href=""http://rss.cnn.com/~ff/rss/cnn_topstories?a=loD-8bmk6CE:G0Oebby23pE:yIl2AUoC8zA""><img border=""0"" src=""http://feeds.feedburner.com/~ff/rss/cnn_topstories?d=yIl2AUoC8zA"" /></a> <a href=""http://rss.cnn.com/~ff/rss/cnn_topstories?a=loD-8bmk6CE:G0Oebby23pE:7Q72WNTAKBA""><img border=""0"" src=""http://feeds.feedburner.com/~ff/rss/cnn_topstories?d=7Q72WNTAKBA"" /></a> <a href=""http://rss.cnn.com/~ff/rss/cnn_topstories?a=loD-8bmk6CE:G0Oebby23pE:V_sGLiPBpWU""><img border=""0"" src=""http://feeds.feedburner.com/~ff/rss/cnn_topstories?i=loD-8bmk6CE:G0Oebby23pE:V_sGLiPBpWU"" /></a> <a href=""http://rss.cnn.com/~ff/rss/cnn_topstories?a=loD-8bmk6CE:G0Oebby23pE:qj6IDK7rITs""><img border=""0"" src=""http://feeds.feedburner.com/~ff/rss/cnn_topstories?d=qj6IDK7rITs"" /></a> <a href=""http://rss.cnn.com/~ff/rss/cnn_topstories?a=loD-8bmk6CE:G0Oebby23pE:gIN9vFwOqvQ""><img border=""0"" src=""http://feeds.feedburner.com/~ff/rss/cnn_topstories?i=loD-8bmk6CE:G0Oebby23pE:gIN9vFwOqvQ"" /></a>
</div>",https://www.cnn.com/2022/04/23/opinions/anti-lgtbq-attacks-hope/index.html
What the GOP leaders' about face on Trump reveals,"That Donald Trump acknowledged some responsibility for the January 6, 2021, insurrection, according to House Minority Leader Kevin McCarthy, pulls back the curtain on a former president who has publicly downplayed the actions of his supporters at the US Capitol that day and shown little remorse for pushing the lie that the 2020 election was ""stolen.""<div class=""feedflare"">
<a href=""http://rss.cnn.com/~ff/rss/cnn_topstories?a=1iNWxzZzN2A:ouhDuPcoSfA:yIl2AUoC8zA""><img border=""0"" src=""http://feeds.feedburner.com/~ff/rss/cnn_topstories?d=yIl2AUoC8zA"" /></a> <a href=""http://rss.cnn.com/~ff/rss/cnn_topstories?a=1iNWxzZzN2A:ouhDuPcoSfA:7Q72WNTAKBA""><img border=""0"" src=""http://feeds.feedburner.com/~ff/rss/cnn_topstories?d=7Q72WNTAKBA"" /></a> <a href=""http://rss.cnn.com/~ff/rss/cnn_topstories?a=1iNWxzZzN2A:ouhDuPcoSfA:V_sGLiPBpWU""><img border=""0"" src=""http://feeds.feedburner.com/~ff/rss/cnn_topstories?i=1iNWxzZzN2A:ouhDuPcoSfA:V_sGLiPBpWU"" /></a> <a href=""http://rss.cnn.com/~ff/rss/cnn_topstories?a=1iNWxzZzN2A:ouhDuPcoSfA:qj6IDK7rITs""><img border=""0"" src=""http://feeds.feedburner.com/~ff/rss/cnn_topstories?d=qj6IDK7rITs"" /></a> <a href=""http://rss.cnn.com/~ff/rss/cnn_topstories?a=1iNWxzZzN2A:ouhDuPcoSfA:gIN9vFwOqvQ""><img border=""0"" src=""http://feeds.feedburner.com/~ff/rss/cnn_topstories?i=1iNWxzZzN2A:ouhDuPcoSfA:gIN9vFwOqvQ"" /></a>
</div>",https://www.cnn.com/2022/04/22/opinions/mccarthy-mcconnell-u-turn-trump-partisan-rot-zelizer/index.html
The only way to end Russia's war on Ukraine,"There is only one answer to the war in Ukraine: a peace deal.<div class=""feedflare"">
<a href=""http://rss.cnn.com/~ff/rss/cnn_topstories?a=TvF8SpW8q78:uT2I03BXUNM:yIl2AUoC8zA""><img border=""0"" src=""http://feeds.feedburner.com/~ff/rss/cnn_topstories?d=yIl2AUoC8zA"" /></a> <a href=""http://rss.cnn.com/~ff/rss/cnn_topstories?a=TvF8SpW8q78:uT2I03BXUNM:7Q72WNTAKBA""><img border=""0"" src=""http://feeds.feedburner.com/~ff/rss/cnn_topstories?d=7Q72WNTAKBA"" /></a> <a href=""http://rss.cnn.com/~ff/rss/cnn_topstories?a=TvF8SpW8q78:uT2I03BXUNM:V_sGLiPBpWU""><img border=""0"" src=""http://feeds.feedburner.com/~ff/rss/cnn_topstories?i=TvF8SpW8q78:uT2I03BXUNM:V_sGLiPBpWU"" /></a> <a href=""http://rss.cnn.com/~ff/rss/cnn_topstories?a=TvF8SpW8q78:uT2I03BXUNM:qj6IDK7rITs""><img border=""0"" src=""http://feeds.feedburner.com/~ff/rss/cnn_topstories?d=qj6IDK7rITs"" /></a> <a href=""http://rss.cnn.com/~ff/rss/cnn_topstories?a=TvF8SpW8q78:uT2I03BXUNM:gIN9vFwOqvQ""><img border=""0"" src=""http://feeds.feedburner.com/~ff/rss/cnn_topstories?i=TvF8SpW8q78:uT2I03BXUNM:gIN9vFwOqvQ"" /></a>
</div>",https://www.cnn.com/2022/04/20/opinions/sachs-ukraine-negotiation-op-ed/index.html
What 'The Northman' is really about,"""The Northman"" isn't an adaptation of William Shakespeare's ""Hamlet.""<div class=""feedflare"">
<a href=""http://rss.cnn.com/~ff/rss/cnn_topstories?a=-4XCCNGgocM:5UK_wWjHxds:yIl2AUoC8zA""><img border=""0"" src=""http://feeds.feedburner.com/~ff/rss/cnn_topstories?d=yIl2AUoC8zA"" /></a> <a href=""http://rss.cnn.com/~ff/rss/cnn_topstories?a=-4XCCNGgocM:5UK_wWjHxds:7Q72WNTAKBA""><img border=""0"" src=""http://feeds.feedburner.com/~ff/rss/cnn_topstories?d=7Q72WNTAKBA"" /></a> <a href=""http://rss.cnn.com/~ff/rss/cnn_topstories?a=-4XCCNGgocM:5UK_wWjHxds:V_sGLiPBpWU""><img border=""0"" src=""http://feeds.feedburner.com/~ff/rss/cnn_topstories?i=-4XCCNGgocM:5UK_wWjHxds:V_sGLiPBpWU"" /></a> <a href=""http://rss.cnn.com/~ff/rss/cnn_topstories?a=-4XCCNGgocM:5UK_wWjHxds:qj6IDK7rITs""><img border=""0"" src=""http://feeds.feedburner.com/~ff/rss/cnn_topstories?d=qj6IDK7rITs"" /></a> <a href=""http://rss.cnn.com/~ff/rss/cnn_topstories?a=-4XCCNGgocM:5UK_wWjHxds:gIN9vFwOqvQ""><img border=""0"" src=""http://feeds.feedburner.com/~ff/rss/cnn_topstories?i=-4XCCNGgocM:5UK_wWjHxds:gIN9vFwOqvQ"" /></a>
</div>",https://www.cnn.com/2022/04/22/opinions/shakespeare-and-the-northman-wilson/index.html
Gerrymandering on steroids is the new normal,"In a redistricting cycle filled with indecent affronts to democracy, the US House of Representatives map drawn by New York Democrats is among the most obscene partisan gerrymanders nationwide. It threatens to wipe away four competitive districts, and in a state that awarded nearly 61% of the vote to President Joe Biden in 2020, all but guarantees 22 of 26 House seats will go blue.<div class=""feedflare"">
<a href=""http://rss.cnn.com/~ff/rss/cnn_topstories?a=4pLdM_nS6zU:OsYs6r2xrLc:yIl2AUoC8zA""><img border=""0"" src=""http://feeds.feedburner.com/~ff/rss/cnn_topstories?d=yIl2AUoC8zA"" /></a> <a href=""http://rss.cnn.com/~ff/rss/cnn_topstories?a=4pLdM_nS6zU:OsYs6r2xrLc:7Q72WNTAKBA""><img border=""0"" src=""http://feeds.feedburner.com/~ff/rss/cnn_topstories?d=7Q72WNTAKBA"" /></a> <a href=""http://rss.cnn.com/~ff/rss/cnn_topstories?a=4pLdM_nS6zU:OsYs6r2xrLc:V_sGLiPBpWU""><img border=""0"" src=""http://feeds.feedburner.com/~ff/rss/cnn_topstories?i=4pLdM_nS6zU:OsYs6r2xrLc:V_sGLiPBpWU"" /></a> <a href=""http://rss.cnn.com/~ff/rss/cnn_topstories?a=4pLdM_nS6zU:OsYs6r2xrLc:qj6IDK7rITs""><img border=""0"" src=""http://feeds.feedburner.com/~ff/rss/cnn_topstories?d=qj6IDK7rITs"" /></a> <a href=""http://rss.cnn.com/~ff/rss/cnn_topstories?a=4pLdM_nS6zU:OsYs6r2xrLc:gIN9vFwOqvQ""><img border=""0"" src=""http://feeds.feedburner.com/~ff/rss/cnn_topstories?i=4pLdM_nS6zU:OsYs6r2xrLc:gIN9vFwOqvQ"" /></a>
</div>",https://www.cnn.com/2022/04/22/opinions/new-york-florida-gerrymandering-new-normal-daley/index.html
'The First Lady' is a harsh reminder of this truth,"""Women are like teabags. You never know how strong they are until you put them in hot water."" So says Gillian Anderson in the new Showtime series ""The First Lady,"" in which she -- in her portrayal as Eleanor Roosevelt -- regularly speaks in aphorisms, at one point providing her husband Franklin (played by Kiefer Sutherland) with his most quotable line, ""We have nothing to fear but fear itself."" And near the end of the first episode, she offers a pithy summary of her own position. Pressed by an aide to attend a meeting because it is her job as First Lady, Roosevelt shoots back, ""That's not a job. That's my circumstance.""<div class=""feedflare"">
<a href=""http://rss.cnn.com/~ff/rss/cnn_topstories?a=YhKJ7h4q2Nc:OHeaprQw67c:yIl2AUoC8zA""><img border=""0"" src=""http://feeds.feedburner.com/~ff/rss/cnn_topstories?d=yIl2AUoC8zA"" /></a> <a href=""http://rss.cnn.com/~ff/rss/cnn_topstories?a=YhKJ7h4q2Nc:OHeaprQw67c:7Q72WNTAKBA""><img border=""0"" src=""http://feeds.feedburner.com/~ff/rss/cnn_topstories?d=7Q72WNTAKBA"" /></a> <a href=""http://rss.cnn.com/~ff/rss/cnn_topstories?a=YhKJ7h4q2Nc:OHeaprQw67c:V_sGLiPBpWU""><img border=""0"" src=""http://feeds.feedburner.com/~ff/rss/cnn_topstories?i=YhKJ7h4q2Nc:OHeaprQw67c:V_sGLiPBpWU"" /></a> <a href=""http://rss.cnn.com/~ff/rss/cnn_topstories?a=YhKJ7h4q2Nc:OHeaprQw67c:qj6IDK7rITs""><img border=""0"" src=""http://feeds.feedburner.com/~ff/rss/cnn_topstories?d=qj6IDK7rITs"" /></a> <a href=""http://rss.cnn.com/~ff/rss/cnn_topstories?a=YhKJ7h4q2Nc:OHeaprQw67c:gIN9vFwOqvQ""><img border=""0"" src=""http://feeds.feedburner.com/~ff/rss/cnn_topstories?i=YhKJ7h4q2Nc:OHeaprQw67c:gIN9vFwOqvQ"" /></a>
</div>",https://www.cnn.com/2022/04/21/opinions/the-first-lady-eleanor-roosevelt-betty-ford-michelle-obama-hemmer/index.html
I'm a trans player in a women's hockey league,"Between rounds of chemotherapy during my senior year of high school, as I battled Hodgkin's lymphoma, I still practiced and competed in games on the boys' varsity ice hockey team.<div class=""feedflare"">
<a href=""http://rss.cnn.com/~ff/rss/cnn_topstories?a=C9_c_QCGYt0:NCKSD6_MsEI:yIl2AUoC8zA""><img border=""0"" src=""http://feeds.feedburner.com/~ff/rss/cnn_topstories?d=yIl2AUoC8zA"" /></a> <a href=""http://rss.cnn.com/~ff/rss/cnn_topstories?a=C9_c_QCGYt0:NCKSD6_MsEI:7Q72WNTAKBA""><img border=""0"" src=""http://feeds.feedburner.com/~ff/rss/cnn_topstories?d=7Q72WNTAKBA"" /></a> <a href=""http://rss.cnn.com/~ff/rss/cnn_topstories?a=C9_c_QCGYt0:NCKSD6_MsEI:V_sGLiPBpWU""><img border=""0"" src=""http://feeds.feedburner.com/~ff/rss/cnn_topstories?i=C9_c_QCGYt0:NCKSD6_MsEI:V_sGLiPBpWU"" /></a> <a href=""http://rss.cnn.com/~ff/rss/cnn_topstories?a=C9_c_QCGYt0:NCKSD6_MsEI:qj6IDK7rITs""><img border=""0"" src=""http://feeds.feedburner.com/~ff/rss/cnn_topstories?d=qj6IDK7rITs"" /></a> <a href=""http://rss.cnn.com/~ff/rss/cnn_topstories?a=C9_c_QCGYt0:NCKSD6_MsEI:gIN9vFwOqvQ""><img border=""0"" src=""http://feeds.feedburner.com/~ff/rss/cnn_topstories?i=C9_c_QCGYt0:NCKSD6_MsEI:gIN9vFwOqvQ"" /></a>
</div>",https://www.cnn.com/2022/04/20/opinions/trans-sport-hockey-politics-lgbtq-mclean/index.html
Former CNN Moscow bureau chief examines why Russia is so desperate for anything it can call a 'victory',"<div class=""feedflare"">
<a href=""http://rss.cnn.com/~ff/rss/cnn_topstories?a=jBEPiPi__MQ:CWQjyEqQwDA:yIl2AUoC8zA""><img border=""0"" src=""http://feeds.feedburner.com/~ff/rss/cnn_topstories?d=yIl2AUoC8zA"" /></a> <a href=""http://rss.cnn.com/~ff/rss/cnn_topstories?a=jBEPiPi__MQ:CWQjyEqQwDA:7Q72WNTAKBA""><img border=""0"" src=""http://feeds.feedburner.com/~ff/rss/cnn_topstories?d=7Q72WNTAKBA"" /></a> <a href=""http://rss.cnn.com/~ff/rss/cnn_topstories?a=jBEPiPi__MQ:CWQjyEqQwDA:V_sGLiPBpWU""><img border=""0"" src=""http://feeds.feedburner.com/~ff/rss/cnn_topstories?i=jBEPiPi__MQ:CWQjyEqQwDA:V_sGLiPBpWU"" /></a> <a href=""http://rss.cnn.com/~ff/rss/cnn_topstories?a=jBEPiPi__MQ:CWQjyEqQwDA:qj6IDK7rITs""><img border=""0"" src=""http://feeds.feedburner.com/~ff/rss/cnn_topstories?d=qj6IDK7rITs"" /></a> <a href=""http://rss.cnn.com/~ff/rss/cnn_topstories?a=jBEPiPi__MQ:CWQjyEqQwDA:gIN9vFwOqvQ""><img border=""0"" src=""http://feeds.feedburner.com/~ff/rss/cnn_topstories?i=jBEPiPi__MQ:CWQjyEqQwDA:gIN9vFwOqvQ"" /></a>
</div>",https://www.cnn.com/audio/podcasts/tug-of-war/episodes/f58c0250-78b2-412e-800b-ae7c0165d835
"From hypertension to ADHD, there's one prescription that works for many ailments: nature","<div class=""feedflare"">
<a href=""http://rss.cnn.com/~ff/rss/cnn_topstories?a=EcK83KOriLM:aqO99GaZaFY:yIl2AUoC8zA""><img border=""0"" src=""http://feeds.feedburner.com/~ff/rss/cnn_topstories?d=yIl2AUoC8zA"" /></a> <a href=""http://rss.cnn.com/~ff/rss/cnn_topstories?a=EcK83KOriLM:aqO99GaZaFY:7Q72WNTAKBA""><img border=""0"" src=""http://feeds.feedburner.com/~ff/rss/cnn_topstories?d=7Q72WNTAKBA"" /></a> <a href=""http://rss.cnn.com/~ff/rss/cnn_topstories?a=EcK83KOriLM:aqO99GaZaFY:V_sGLiPBpWU""><img border=""0"" src=""http://feeds.feedburner.com/~ff/rss/cnn_topstories?i=EcK83KOriLM:aqO99GaZaFY:V_sGLiPBpWU"" /></a> <a href=""http://rss.cnn.com/~ff/rss/cnn_topstories?a=EcK83KOriLM:aqO99GaZaFY:qj6IDK7rITs""><img border=""0"" src=""http://feeds.feedburner.com/~ff/rss/cnn_topstories?d=qj6IDK7rITs"" /></a> <a href=""http://rss.cnn.com/~ff/rss/cnn_topstories?a=EcK83KOriLM:aqO99GaZaFY:gIN9vFwOqvQ""><img border=""0"" src=""http://feeds.feedburner.com/~ff/rss/cnn_topstories?i=EcK83KOriLM:aqO99GaZaFY:gIN9vFwOqvQ"" /></a>
</div>",https://www.cnn.com/audio/podcasts/chasing-life/episodes/61bac268-cd70-4eba-90b7-ae7b01509dee
Exploring Ethiopia with chef Marcus Samuelsson,"<div class=""feedflare"">
<a href=""http://rss.cnn.com/~ff/rss/cnn_topstories?a=QobgLHWF95Y:X3LmIdWaSxI:yIl2AUoC8zA""><img border=""0"" src=""http://feeds.feedburner.com/~ff/rss/cnn_topstories?d=yIl2AUoC8zA"" /></a> <a href=""http://rss.cnn.com/~ff/rss/cnn_topstories?a=QobgLHWF95Y:X3LmIdWaSxI:7Q72WNTAKBA""><img border=""0"" src=""http://feeds.feedburner.com/~ff/rss/cnn_topstories?d=7Q72WNTAKBA"" /></a> <a href=""http://rss.cnn.com/~ff/rss/cnn_topstories?a=QobgLHWF95Y:X3LmIdWaSxI:V_sGLiPBpWU""><img border=""0"" src=""http://feeds.feedburner.com/~ff/rss/cnn_topstories?i=QobgLHWF95Y:X3LmIdWaSxI:V_sGLiPBpWU"" /></a> <a href=""http://rss.cnn.com/~ff/rss/cnn_topstories?a=QobgLHWF95Y:X3LmIdWaSxI:qj6IDK7rITs""><img border=""0"" src=""http://feeds.feedburner.com/~ff/rss/cnn_topstories?d=qj6IDK7rITs"" /></a> <a href=""http://rss.cnn.com/~ff/rss/cnn_topstories?a=QobgLHWF95Y:X3LmIdWaSxI:gIN9vFwOqvQ""><img border=""0"" src=""http://feeds.feedburner.com/~ff/rss/cnn_topstories?i=QobgLHWF95Y:X3LmIdWaSxI:gIN9vFwOqvQ"" /></a>
</div>",https://www.cnn.com/audio/podcasts/anthony-bourdain-parts-unknown/episodes/43640b1d-5262-482c-9ed4-ae1500fb845b
"Sonoma County: Nature, Wine & Relaxation, 30% Off","<div class=""feedflare"">
<a href=""http://rss.cnn.com/~ff/rss/cnn_topstories?a=-NL-fgrouxo:xOy2KtZZBmA:yIl2AUoC8zA""><img border=""0"" src=""http://feeds.feedburner.com/~ff/rss/cnn_topstories?d=yIl2AUoC8zA"" /></a> <a href=""http://rss.cnn.com/~ff/rss/cnn_topstories?a=-NL-fgrouxo:xOy2KtZZBmA:7Q72WNTAKBA""><img border=""0"" src=""http://feeds.feedburner.com/~ff/rss/cnn_topstories?d=7Q72WNTAKBA"" /></a> <a href=""http://rss.cnn.com/~ff/rss/cnn_topstories?a=-NL-fgrouxo:xOy2KtZZBmA:V_sGLiPBpWU""><img border=""0"" src=""http://feeds.feedburner.com/~ff/rss/cnn_topstories?i=-NL-fgrouxo:xOy2KtZZBmA:V_sGLiPBpWU"" /></a> <a href=""http://rss.cnn.com/~ff/rss/cnn_topstories?a=-NL-fgrouxo:xOy2KtZZBmA:qj6IDK7rITs""><img border=""0"" src=""http://feeds.feedburner.com/~ff/rss/cnn_topstories?d=qj6IDK7rITs"" /></a> <a href=""http://rss.cnn.com/~ff/rss/cnn_topstories?a=-NL-fgrouxo:xOy2KtZZBmA:gIN9vFwOqvQ""><img border=""0"" src=""http://feeds.feedburner.com/~ff/rss/cnn_topstories?i=-NL-fgrouxo:xOy2KtZZBmA:gIN9vFwOqvQ"" /></a>
</div>",https://www.travelzoo.com/gamclick/?id=2964574&adunit=CNNTravel&l=us
Save up to 45% -- Myrtle Beach Hotel Deals,"<div class=""feedflare"">
<a href=""http://rss.cnn.com/~ff/rss/cnn_topstories?a=lj8yO8FAAaI:FzdM9LLvMj8:yIl2AUoC8zA""><img border=""0"" src=""http://feeds.feedburner.com/~ff/rss/cnn_topstories?d=yIl2AUoC8zA"" /></a> <a href=""http://rss.cnn.com/~ff/rss/cnn_topstories?a=lj8yO8FAAaI:FzdM9LLvMj8:7Q72WNTAKBA""><img border=""0"" src=""http://feeds.feedburner.com/~ff/rss/cnn_topstories?d=7Q72WNTAKBA"" /></a> <a href=""http://rss.cnn.com/~ff/rss/cnn_topstories?a=lj8yO8FAAaI:FzdM9LLvMj8:V_sGLiPBpWU""><img border=""0"" src=""http://feeds.feedburner.com/~ff/rss/cnn_topstories?i=lj8yO8FAAaI:FzdM9LLvMj8:V_sGLiPBpWU"" /></a> <a href=""http://rss.cnn.com/~ff/rss/cnn_topstories?a=lj8yO8FAAaI:FzdM9LLvMj8:qj6IDK7rITs""><img border=""0"" src=""http://feeds.feedburner.com/~ff/rss/cnn_topstories?d=qj6IDK7rITs"" /></a> <a href=""http://rss.cnn.com/~ff/rss/cnn_topstories?a=lj8yO8FAAaI:FzdM9LLvMj8:gIN9vFwOqvQ""><img border=""0"" src=""http://feeds.feedburner.com/~ff/rss/cnn_topstories?i=lj8yO8FAAaI:FzdM9LLvMj8:gIN9vFwOqvQ"" /></a>
</div>",https://www.travelzoo.com/gamclick/?id=2957965&adunit=CNNTravel&l=us
How To Reduce Your Mortgage Payment (It's So Simple),"<div class=""feedflare"">
<a href=""http://rss.cnn.com/~ff/rss/cnn_topstories?a=D0TsV1BrhI0:O5rhSIhKaew:yIl2AUoC8zA""><img border=""0"" src=""http://feeds.feedburner.com/~ff/rss/cnn_topstories?d=yIl2AUoC8zA"" /></a> <a href=""http://rss.cnn.com/~ff/rss/cnn_topstories?a=D0TsV1BrhI0:O5rhSIhKaew:7Q72WNTAKBA""><img border=""0"" src=""http://feeds.feedburner.com/~ff/rss/cnn_topstories?d=7Q72WNTAKBA"" /></a> <a href=""http://rss.cnn.com/~ff/rss/cnn_topstories?a=D0TsV1BrhI0:O5rhSIhKaew:V_sGLiPBpWU""><img border=""0"" src=""http://feeds.feedburner.com/~ff/rss/cnn_topstories?i=D0TsV1BrhI0:O5rhSIhKaew:V_sGLiPBpWU"" /></a> <a href=""http://rss.cnn.com/~ff/rss/cnn_topstories?a=D0TsV1BrhI0:O5rhSIhKaew:qj6IDK7rITs""><img border=""0"" src=""http://feeds.feedburner.com/~ff/rss/cnn_topstories?d=qj6IDK7rITs"" /></a> <a href=""http://rss.cnn.com/~ff/rss/cnn_topstories?a=D0TsV1BrhI0:O5rhSIhKaew:gIN9vFwOqvQ""><img border=""0"" src=""http://feeds.feedburner.com/~ff/rss/cnn_topstories?i=D0TsV1BrhI0:O5rhSIhKaew:gIN9vFwOqvQ"" /></a>
</div>",https://ck.lendingtree.com/?a=343&c=2546&p=r&s1=partnerbin&mtaid=A944E&ctype=hppaidpartner&cmethod=refiform&rcode=10000&ccreative=howtoreducesosimple_none&placement_name=hppaidpartner&ad_headline=howtoreducesosimple&ad_image=none
Beijing races to contain 'urgent and grim' Covid outbreak as Shanghai lockdown continues,"Beijing is racing to track a Covid-19 outbreak that may have been spreading in the capital for a week, city authorities said on Saturday, raising the prospect more stringent restrictions could soon be implemented in line with other Chinese cities.<div class=""feedflare"">
<a href=""http://rss.cnn.com/~ff/rss/cnn_topstories?a=SkdzrSsrRE8:d3N9lXWjDFo:yIl2AUoC8zA""><img border=""0"" src=""http://feeds.feedburner.com/~ff/rss/cnn_topstories?d=yIl2AUoC8zA"" /></a> <a href=""http://rss.cnn.com/~ff/rss/cnn_topstories?a=SkdzrSsrRE8:d3N9lXWjDFo:7Q72WNTAKBA""><img border=""0"" src=""http://feeds.feedburner.com/~ff/rss/cnn_topstories?d=7Q72WNTAKBA"" /></a> <a href=""http://rss.cnn.com/~ff/rss/cnn_topstories?a=SkdzrSsrRE8:d3N9lXWjDFo:V_sGLiPBpWU""><img border=""0"" src=""http://feeds.feedburner.com/~ff/rss/cnn_topstories?i=SkdzrSsrRE8:d3N9lXWjDFo:V_sGLiPBpWU"" /></a> <a href=""http://rss.cnn.com/~ff/rss/cnn_topstories?a=SkdzrSsrRE8:d3N9lXWjDFo:qj6IDK7rITs""><img border=""0"" src=""http://feeds.feedburner.com/~ff/rss/cnn_topstories?d=qj6IDK7rITs"" /></a> <a href=""http://rss.cnn.com/~ff/rss/cnn_topstories?a=SkdzrSsrRE8:d3N9lXWjDFo:gIN9vFwOqvQ""><img border=""0"" src=""http://feeds.feedburner.com/~ff/rss/cnn_topstories?i=SkdzrSsrRE8:d3N9lXWjDFo:gIN9vFwOqvQ"" /></a>
</div>",https://www.cnn.com/2022/04/24/china/beijing-covid-outbreak-lockdown-fears-intl-hnk/index.html
"Nine people found from missing Japanese sightseeing boat, coast guard says","Nine people from a Japanese tour boat that went missing with 26 people on board have been found, the country's coast guard said Sunday, as search and rescue efforts continue.<div class=""feedflare"">
<a href=""http://rss.cnn.com/~ff/rss/cnn_topstories?a=-b8ojPigR1A:QI_N5h4TtN4:yIl2AUoC8zA""><img border=""0"" src=""http://feeds.feedburner.com/~ff/rss/cnn_topstories?d=yIl2AUoC8zA"" /></a> <a href=""http://rss.cnn.com/~ff/rss/cnn_topstories?a=-b8ojPigR1A:QI_N5h4TtN4:7Q72WNTAKBA""><img border=""0"" src=""http://feeds.feedburner.com/~ff/rss/cnn_topstories?d=7Q72WNTAKBA"" /></a> <a href=""http://rss.cnn.com/~ff/rss/cnn_topstories?a=-b8ojPigR1A:QI_N5h4TtN4:V_sGLiPBpWU""><img border=""0"" src=""http://feeds.feedburner.com/~ff/rss/cnn_topstories?i=-b8ojPigR1A:QI_N5h4TtN4:V_sGLiPBpWU"" /></a> <a href=""http://rss.cnn.com/~ff/rss/cnn_topstories?a=-b8ojPigR1A:QI_N5h4TtN4:qj6IDK7rITs""><img border=""0"" src=""http://feeds.feedburner.com/~ff/rss/cnn_topstories?d=qj6IDK7rITs"" /></a> <a href=""http://rss.cnn.com/~ff/rss/cnn_topstories?a=-b8ojPigR1A:QI_N5h4TtN4:gIN9vFwOqvQ""><img border=""0"" src=""http://feeds.feedburner.com/~ff/rss/cnn_topstories?i=-b8ojPigR1A:QI_N5h4TtN4:gIN9vFwOqvQ"" /></a>
</div>",https://www.cnn.com/2022/04/23/asia/japan-missing-sightseeing-boat-intl/index.html
Why India can buy Russian oil and still be friends with the US,"What a difference a few weeks make. Just last month India was taking flak from the West for its relationship with Russia.<div class=""feedflare"">
<a href=""http://rss.cnn.com/~ff/rss/cnn_topstories?a=OYVfrunqv3g:VbogwO5yMvM:yIl2AUoC8zA""><img border=""0"" src=""http://feeds.feedburner.com/~ff/rss/cnn_topstories?d=yIl2AUoC8zA"" /></a> <a href=""http://rss.cnn.com/~ff/rss/cnn_topstories?a=OYVfrunqv3g:VbogwO5yMvM:7Q72WNTAKBA""><img border=""0"" src=""http://feeds.feedburner.com/~ff/rss/cnn_topstories?d=7Q72WNTAKBA"" /></a> <a href=""http://rss.cnn.com/~ff/rss/cnn_topstories?a=OYVfrunqv3g:VbogwO5yMvM:V_sGLiPBpWU""><img border=""0"" src=""http://feeds.feedburner.com/~ff/rss/cnn_topstories?i=OYVfrunqv3g:VbogwO5yMvM:V_sGLiPBpWU"" /></a> <a href=""http://rss.cnn.com/~ff/rss/cnn_topstories?a=OYVfrunqv3g:VbogwO5yMvM:qj6IDK7rITs""><img border=""0"" src=""http://feeds.feedburner.com/~ff/rss/cnn_topstories?d=qj6IDK7rITs"" /></a> <a href=""http://rss.cnn.com/~ff/rss/cnn_topstories?a=OYVfrunqv3g:VbogwO5yMvM:gIN9vFwOqvQ""><img border=""0"" src=""http://feeds.feedburner.com/~ff/rss/cnn_topstories?i=OYVfrunqv3g:VbogwO5yMvM:gIN9vFwOqvQ"" /></a>
</div>",https://www.cnn.com/2022/04/22/india/india-us-china-russia-relations-intl-hnk/index.html
